circuit_name,category,expected_normal,vae_predicted_normal,vae_confidence,vae_correct,vae_available,vae_message,llm_model,llm_predicted_normal,llm_confidence,llm_correct,llm_available,llm_analysis,vae_time,llm_time,total_time
2-Input AND,Combinational - Normal,True,True,0.4,True,True,NORMAL - behavior appears normal,gpt-4o,False,0.6,False,True,"üìä **Verilog Simulation Waveform Analysis Report**
======================================================

### üéØ **Introduction**
The provided Verilog simulation waveform data is analyzed for potential issues. The design code context is an AND gate module with two inputs (`a` and `b`) and one output (`out`).

### üîç **Signal Integrity Issues**
No uninitialized signals (x or z values) are observed in the waveform data. However, there are some unexpected transitions:

* At timestamp 10000, signal `b",1.5,1.5507478713989258,3.050747871398926
2-Input AND,Combinational - Normal,True,True,0.4,True,True,NORMAL - behavior appears normal,claude,False,0.5,False,True,"üìä **Simulation Waveform Analysis Report**
======================================

### üìù Introduction
The provided Verilog simulation waveform data is analyzed for potential issues based on the given design code context. This report outlines the findings, provides recommendations, and assesses the overall functionality of the design.

### üîç **Signal Integrity Issues**
No uninitialized signals (x or z values) are observed in the waveform data. The signals `a`, `b`, and `out` exhibit stable transit",1.5,0.9005370140075684,2.4005370140075684
2-Input AND,Combinational - Normal,True,True,0.4,True,True,NORMAL - behavior appears normal,groq,,0.0,,True,"üìä **Comprehensive Analysis Report**
=====================================

### üìù Introduction
The provided Verilog simulation waveform data and design code context have been analyzed for potential issues. This report outlines the findings, recommendations, and overall assessment.

### üîç **Signal Integrity Issues**
No uninitialized signals (x or z values) were found in the waveform data. However, the following potential issues were identified:

* No signal stability problems or unexpected transit",1.5,0.6947495937347412,2.194749593734741
2-Input AND,Combinational - Normal,True,True,0.4,True,True,NORMAL - behavior appears normal,gemini,False,0.6,False,True,"üìä **Analysis Report**
=======================
### üìù Introduction
The provided Verilog simulation waveform data and design code context have been analyzed for potential issues. The analysis is based on a comprehensive checklist that covers signal integrity issues, timing analysis, functional verification, critical issues, and design-specific analysis.

### üîç **Signal Integrity Issues**
No uninitialized signals (x or z values) are observed in the waveform data. All signals have a clear value (0 or",1.5,0.7215230464935303,2.2215230464935303
2-Input OR,Combinational - Normal,True,True,0.4,True,True,NORMAL - behavior appears normal,gpt-4o,False,0.6,False,True,"üìä **Comprehensive Analysis Report**
=====================================

### üìù Introduction
The provided Verilog simulation waveform data is analyzed for potential issues based on the given design code context. The analysis is structured into five main sections: Signal Integrity Issues, Timing Analysis, Functional Verification, Critical Issues, and Design-Specific Analysis.

### 1. üîç **Signal Integrity Issues**
No uninitialized signals (x or z values) are observed in the waveform data. The sig",1.5,1.080446481704712,2.580446481704712
2-Input OR,Combinational - Normal,True,True,0.4,True,True,NORMAL - behavior appears normal,claude,False,0.7,False,True,"üìä **Analysis Report**
======================
### üìù Introduction
The provided Verilog simulation waveform data and design code context have been analyzed for potential issues. The analysis is based on the comprehensive checklist provided.

### üîç **Signal Integrity Issues**
No uninitialized signals (x or z values) were found in the waveform data. The signals `a`, `b`, and `out` all have valid values at each timestamp. 
* Confidence level: 100%
* Recommendation: None

### ‚è∞ **Timing Analysis**
Sinc",1.5,0.6227483749389648,2.122748374938965
2-Input OR,Combinational - Normal,True,True,0.4,True,True,NORMAL - behavior appears normal,groq,False,0.6,False,True,"üìä **Analysis Report**
======================
### üìù Introduction
The provided Verilog simulation waveform data and design code context have been analyzed for potential issues. The analysis is based on the comprehensive checklist provided.

### üîç **Signal Integrity Issues**
No uninitialized signals (x or z values) were found in the waveform data. The signals `a`, `b`, and `out` have stable values at each timestamp. There are no unexpected transitions or drive conflicts observed.

* Confidence leve",1.5,0.5813298225402832,2.081329822540283
2-Input OR,Combinational - Normal,True,True,0.4,True,True,NORMAL - behavior appears normal,gemini,False,0.6,False,True,"üìä **Analysis Report**
======================
### üîç **Signal Integrity Issues**
The provided waveform data does not show any uninitialized signals (x or z values), which is a good indication of signal integrity. However, we can observe the stability of the signals and transitions.

*   At timestamp 0, all signals are at 0, which is a stable state.
*   At timestamp 10000, signal `b` transitions from 0 to 1, and `out` also transitions from 0 to 1, which is expected behavior for an OR gate.
*   At t",1.5,1.0479300022125244,2.5479300022125244
2-Input XOR,Combinational - Normal,True,True,0.4,True,True,NORMAL - behavior appears normal,gpt-4o,,0.0,,True,"üìä **Analysis Report**
=======================
### üìù Introduction
The provided Verilog simulation waveform data and design code context have been analyzed for potential issues. The analysis is based on the comprehensive checklist provided.

### üîç **Signal Integrity Issues**
No uninitialized signals (x or z values) are observed in the waveform data. However, there are unexpected transitions in the output signal `out` at timestamp 30000, where the output becomes 0 despite both inputs `a` and `b` be",1.5,0.6642727851867676,2.1642727851867676
2-Input XOR,Combinational - Normal,True,True,0.4,True,True,NORMAL - behavior appears normal,claude,,0.0,,True,"üìä **Verilog Simulation Waveform Analysis Report**
===============================================

### üìù Introduction
The provided Verilog simulation waveform data is analyzed for potential issues based on the given design code context. This report follows a comprehensive analysis checklist to identify signal integrity issues, timing analysis problems, functional verification discrepancies, critical issues, and design-specific analysis concerns.

### üîç **Signal Integrity Issues**
No uninitialize",1.5,0.7673709392547607,2.2673709392547607
2-Input XOR,Combinational - Normal,True,True,0.4,True,True,NORMAL - behavior appears normal,groq,,0.0,,True,"üìä **Analysis Report**
======================
### üìù Introduction
The provided Verilog simulation waveform data is analyzed for potential issues based on the design code context. The analysis checklist covers signal integrity issues, timing analysis, functional verification, critical issues, and design-specific analysis.

### üîç **Signal Integrity Issues**
* No uninitialized signals (x or z values) are found in the waveform data.
* Signal stability problems are not observed, as the signals change a",1.5,0.9809694290161133,2.4809694290161133
2-Input XOR,Combinational - Normal,True,True,0.4,True,True,NORMAL - behavior appears normal,gemini,,0.0,,True,"üìä **Analysis Report**
=======================
### üìù Introduction
The provided Verilog simulation waveform data and design code context have been analyzed for potential issues. This report outlines the findings, recommendations, and an overall assessment of the design.

### üîç **Signal Integrity Issues**
No uninitialized signals (x or z values) were found in the waveform data. However, there are unexpected transitions in the output signal `out` at timestamp 30000, where the output is expected to b",1.5,0.6734950542449951,2.173495054244995
NOT Gate,Combinational - Normal,True,True,0.4,True,True,NORMAL - behavior appears normal,gpt-4o,,0.0,,True,"‚ùå Analysis failed: Error code: 429 - {'error': {'message': 'Rate limit reached for model `llama-3.3-70b-versatile` in organization `org_01k236vhz3eqpsn0x0c471tafb` service tier `on_demand` on tokens per day (TPD): Limit 100000, Used 99997, Requested 478. Please try again in 6m50.4s. Need more tokens? Upgrade to Dev Tier today at https://console.groq.com/settings/billing', 'type': 'tokens', 'code': 'rate_limit_exceeded'}}",1.5,-1.1348824501037598,0.36511754989624023
NOT Gate,Combinational - Normal,True,True,0.4,True,True,NORMAL - behavior appears normal,claude,,0.0,,True,"‚ùå Analysis failed: Error code: 429 - {'error': {'message': 'Rate limit reached for model `llama-3.3-70b-versatile` in organization `org_01k236vhz3eqpsn0x0c471tafb` service tier `on_demand` on tokens per day (TPD): Limit 100000, Used 99993, Requested 478. Please try again in 6m46.943999999s. Need more tokens? Upgrade to Dev Tier today at https://console.groq.com/settings/billing', 'type': 'tokens', 'code': 'rate_limit_exceeded'}}",1.5,-1.2382051944732666,0.2617948055267334
NOT Gate,Combinational - Normal,True,True,0.4,True,True,NORMAL - behavior appears normal,groq,,0.0,,True,"‚ùå Analysis failed: Error code: 429 - {'error': {'message': 'Rate limit reached for model `llama-3.3-70b-versatile` in organization `org_01k236vhz3eqpsn0x0c471tafb` service tier `on_demand` on tokens per day (TPD): Limit 100000, Used 99989, Requested 478. Please try again in 6m43.488s. Need more tokens? Upgrade to Dev Tier today at https://console.groq.com/settings/billing', 'type': 'tokens', 'code': 'rate_limit_exceeded'}}",1.5,-1.2549643516540527,0.24503564834594727
NOT Gate,Combinational - Normal,True,True,0.4,True,True,NORMAL - behavior appears normal,gemini,,0.0,,True,"‚ùå Analysis failed: Error code: 429 - {'error': {'message': 'Rate limit reached for model `llama-3.3-70b-versatile` in organization `org_01k236vhz3eqpsn0x0c471tafb` service tier `on_demand` on tokens per day (TPD): Limit 100000, Used 99985, Requested 478. Please try again in 6m40.032s. Need more tokens? Upgrade to Dev Tier today at https://console.groq.com/settings/billing', 'type': 'tokens', 'code': 'rate_limit_exceeded'}}",1.5,-1.2222375869750977,0.27776241302490234
2-Input NAND,Combinational - Normal,True,True,0.4,True,True,NORMAL - behavior appears normal,gpt-4o,,0.0,,True,"‚ùå Analysis failed: Error code: 429 - {'error': {'message': 'Rate limit reached for model `llama-3.3-70b-versatile` in organization `org_01k236vhz3eqpsn0x0c471tafb` service tier `on_demand` on tokens per day (TPD): Limit 100000, Used 99981, Requested 518. Please try again in 7m11.135999999s. Need more tokens? Upgrade to Dev Tier today at https://console.groq.com/settings/billing', 'type': 'tokens', 'code': 'rate_limit_exceeded'}}",1.5,-1.228135347366333,0.271864652633667
2-Input NAND,Combinational - Normal,True,True,0.4,True,True,NORMAL - behavior appears normal,claude,,0.0,,True,"‚ùå Analysis failed: Error code: 429 - {'error': {'message': 'Rate limit reached for model `llama-3.3-70b-versatile` in organization `org_01k236vhz3eqpsn0x0c471tafb` service tier `on_demand` on tokens per day (TPD): Limit 100000, Used 99978, Requested 518. Please try again in 7m8.544s. Need more tokens? Upgrade to Dev Tier today at https://console.groq.com/settings/billing', 'type': 'tokens', 'code': 'rate_limit_exceeded'}}",1.5,-1.2260103225708008,0.2739896774291992
2-Input NAND,Combinational - Normal,True,True,0.4,True,True,NORMAL - behavior appears normal,groq,,0.0,,True,"‚ùå Analysis failed: Error code: 429 - {'error': {'message': 'Rate limit reached for model `llama-3.3-70b-versatile` in organization `org_01k236vhz3eqpsn0x0c471tafb` service tier `on_demand` on tokens per day (TPD): Limit 100000, Used 99974, Requested 518. Please try again in 7m5.087999999s. Need more tokens? Upgrade to Dev Tier today at https://console.groq.com/settings/billing', 'type': 'tokens', 'code': 'rate_limit_exceeded'}}",1.5,-1.2644493579864502,0.2355506420135498
2-Input NAND,Combinational - Normal,True,True,0.4,True,True,NORMAL - behavior appears normal,gemini,,0.0,,True,"‚ùå Analysis failed: Error code: 429 - {'error': {'message': 'Rate limit reached for model `llama-3.3-70b-versatile` in organization `org_01k236vhz3eqpsn0x0c471tafb` service tier `on_demand` on tokens per day (TPD): Limit 100000, Used 99970, Requested 518. Please try again in 7m1.632s. Need more tokens? Upgrade to Dev Tier today at https://console.groq.com/settings/billing', 'type': 'tokens', 'code': 'rate_limit_exceeded'}}",1.5,-1.241328239440918,0.25867176055908203
2-Input NOR,Combinational - Normal,True,True,0.4,True,True,NORMAL - behavior appears normal,gpt-4o,,0.0,,True,"‚ùå Analysis failed: Error code: 429 - {'error': {'message': 'Rate limit reached for model `llama-3.3-70b-versatile` in organization `org_01k236vhz3eqpsn0x0c471tafb` service tier `on_demand` on tokens per day (TPD): Limit 100000, Used 99966, Requested 517. Please try again in 6m57.312s. Need more tokens? Upgrade to Dev Tier today at https://console.groq.com/settings/billing', 'type': 'tokens', 'code': 'rate_limit_exceeded'}}",1.5,-1.2606778144836426,0.23932218551635742
2-Input NOR,Combinational - Normal,True,True,0.4,True,True,NORMAL - behavior appears normal,claude,,0.0,,True,"‚ùå Analysis failed: Error code: 429 - {'error': {'message': 'Rate limit reached for model `llama-3.3-70b-versatile` in organization `org_01k236vhz3eqpsn0x0c471tafb` service tier `on_demand` on tokens per day (TPD): Limit 100000, Used 99963, Requested 517. Please try again in 6m54.72s. Need more tokens? Upgrade to Dev Tier today at https://console.groq.com/settings/billing', 'type': 'tokens', 'code': 'rate_limit_exceeded'}}",1.5,-1.2484300136566162,0.2515699863433838
2-Input NOR,Combinational - Normal,True,True,0.4,True,True,NORMAL - behavior appears normal,groq,,0.0,,True,"‚ùå Analysis failed: Error code: 429 - {'error': {'message': 'Rate limit reached for model `llama-3.3-70b-versatile` in organization `org_01k236vhz3eqpsn0x0c471tafb` service tier `on_demand` on tokens per day (TPD): Limit 100000, Used 99959, Requested 517. Please try again in 6m51.264s. Need more tokens? Upgrade to Dev Tier today at https://console.groq.com/settings/billing', 'type': 'tokens', 'code': 'rate_limit_exceeded'}}",1.5,-1.2283859252929688,0.27161407470703125
2-Input NOR,Combinational - Normal,True,True,0.4,True,True,NORMAL - behavior appears normal,gemini,,0.0,,True,"‚ùå Analysis failed: Error code: 429 - {'error': {'message': 'Rate limit reached for model `llama-3.3-70b-versatile` in organization `org_01k236vhz3eqpsn0x0c471tafb` service tier `on_demand` on tokens per day (TPD): Limit 100000, Used 99955, Requested 517. Please try again in 6m47.808s. Need more tokens? Upgrade to Dev Tier today at https://console.groq.com/settings/billing', 'type': 'tokens', 'code': 'rate_limit_exceeded'}}",1.5,-1.2633700370788574,0.23662996292114258
3-Input AND,Combinational - Normal,True,True,0.4,True,True,NORMAL - behavior appears normal,gpt-4o,,0.0,,True,"‚ùå Analysis failed: Error code: 429 - {'error': {'message': 'Rate limit reached for model `llama-3.3-70b-versatile` in organization `org_01k236vhz3eqpsn0x0c471tafb` service tier `on_demand` on tokens per day (TPD): Limit 100000, Used 99951, Requested 519. Please try again in 6m46.08s. Need more tokens? Upgrade to Dev Tier today at https://console.groq.com/settings/billing', 'type': 'tokens', 'code': 'rate_limit_exceeded'}}",1.5,-1.2090020179748535,0.2909979820251465
3-Input AND,Combinational - Normal,True,True,0.4,True,True,NORMAL - behavior appears normal,claude,,0.0,,True,"‚ùå Analysis failed: Error code: 429 - {'error': {'message': 'Rate limit reached for model `llama-3.3-70b-versatile` in organization `org_01k236vhz3eqpsn0x0c471tafb` service tier `on_demand` on tokens per day (TPD): Limit 100000, Used 99947, Requested 519. Please try again in 6m42.624s. Need more tokens? Upgrade to Dev Tier today at https://console.groq.com/settings/billing', 'type': 'tokens', 'code': 'rate_limit_exceeded'}}",1.5,-1.2394847869873047,0.2605152130126953
3-Input AND,Combinational - Normal,True,True,0.4,True,True,NORMAL - behavior appears normal,groq,,0.0,,True,"‚ùå Analysis failed: Error code: 429 - {'error': {'message': 'Rate limit reached for model `llama-3.3-70b-versatile` in organization `org_01k236vhz3eqpsn0x0c471tafb` service tier `on_demand` on tokens per day (TPD): Limit 100000, Used 99944, Requested 519. Please try again in 6m40.032s. Need more tokens? Upgrade to Dev Tier today at https://console.groq.com/settings/billing', 'type': 'tokens', 'code': 'rate_limit_exceeded'}}",1.5,-1.2601070404052734,0.23989295959472656
3-Input AND,Combinational - Normal,True,True,0.4,True,True,NORMAL - behavior appears normal,gemini,,0.0,,True,"‚ùå Analysis failed: Error code: 429 - {'error': {'message': 'Rate limit reached for model `llama-3.3-70b-versatile` in organization `org_01k236vhz3eqpsn0x0c471tafb` service tier `on_demand` on tokens per day (TPD): Limit 100000, Used 99940, Requested 519. Please try again in 6m36.576s. Need more tokens? Upgrade to Dev Tier today at https://console.groq.com/settings/billing', 'type': 'tokens', 'code': 'rate_limit_exceeded'}}",1.5,-1.2669579982757568,0.23304200172424316
2:1 Mux,Combinational - Normal,True,True,0.4,True,True,NORMAL - behavior appears normal,gpt-4o,,0.0,,True,"‚ùå Analysis failed: Error code: 429 - {'error': {'message': 'Rate limit reached for model `llama-3.3-70b-versatile` in organization `org_01k236vhz3eqpsn0x0c471tafb` service tier `on_demand` on tokens per day (TPD): Limit 100000, Used 99936, Requested 549. Please try again in 6m59.04s. Need more tokens? Upgrade to Dev Tier today at https://console.groq.com/settings/billing', 'type': 'tokens', 'code': 'rate_limit_exceeded'}}",1.5,-1.2464311122894287,0.2535688877105713
2:1 Mux,Combinational - Normal,True,True,0.4,True,True,NORMAL - behavior appears normal,claude,,0.0,,True,"‚ùå Analysis failed: Error code: 429 - {'error': {'message': 'Rate limit reached for model `llama-3.3-70b-versatile` in organization `org_01k236vhz3eqpsn0x0c471tafb` service tier `on_demand` on tokens per day (TPD): Limit 100000, Used 99932, Requested 549. Please try again in 6m55.584s. Need more tokens? Upgrade to Dev Tier today at https://console.groq.com/settings/billing', 'type': 'tokens', 'code': 'rate_limit_exceeded'}}",1.5,-1.2636141777038574,0.23638582229614258
2:1 Mux,Combinational - Normal,True,True,0.4,True,True,NORMAL - behavior appears normal,groq,,0.0,,True,"‚ùå Analysis failed: Error code: 429 - {'error': {'message': 'Rate limit reached for model `llama-3.3-70b-versatile` in organization `org_01k236vhz3eqpsn0x0c471tafb` service tier `on_demand` on tokens per day (TPD): Limit 100000, Used 99929, Requested 549. Please try again in 6m52.992s. Need more tokens? Upgrade to Dev Tier today at https://console.groq.com/settings/billing', 'type': 'tokens', 'code': 'rate_limit_exceeded'}}",1.5,-1.2635607719421387,0.23643922805786133
2:1 Mux,Combinational - Normal,True,True,0.4,True,True,NORMAL - behavior appears normal,gemini,,0.0,,True,"‚ùå Analysis failed: Error code: 429 - {'error': {'message': 'Rate limit reached for model `llama-3.3-70b-versatile` in organization `org_01k236vhz3eqpsn0x0c471tafb` service tier `on_demand` on tokens per day (TPD): Limit 100000, Used 99925, Requested 549. Please try again in 6m49.536s. Need more tokens? Upgrade to Dev Tier today at https://console.groq.com/settings/billing', 'type': 'tokens', 'code': 'rate_limit_exceeded'}}",1.5,-1.2408828735351562,0.25911712646484375
Stuck AND (always 0),Combinational - Buggy,False,False,0.9,True,True,ANOMALOUS - output 'out' stuck at 0,gpt-4o,,0.0,,True,"‚ùå Analysis failed: Error code: 429 - {'error': {'message': 'Rate limit reached for model `llama-3.3-70b-versatile` in organization `org_01k236vhz3eqpsn0x0c471tafb` service tier `on_demand` on tokens per day (TPD): Limit 100000, Used 99921, Requested 517. Please try again in 6m18.432s. Need more tokens? Upgrade to Dev Tier today at https://console.groq.com/settings/billing', 'type': 'tokens', 'code': 'rate_limit_exceeded'}}",1.5,-1.2488014698028564,0.25119853019714355
Stuck AND (always 0),Combinational - Buggy,False,False,0.9,True,True,ANOMALOUS - output 'out' stuck at 0,claude,,0.0,,True,"‚ùå Analysis failed: Error code: 429 - {'error': {'message': 'Rate limit reached for model `llama-3.3-70b-versatile` in organization `org_01k236vhz3eqpsn0x0c471tafb` service tier `on_demand` on tokens per day (TPD): Limit 100000, Used 99917, Requested 517. Please try again in 6m14.976s. Need more tokens? Upgrade to Dev Tier today at https://console.groq.com/settings/billing', 'type': 'tokens', 'code': 'rate_limit_exceeded'}}",1.5,-1.24996018409729,0.25003981590270996
Stuck AND (always 0),Combinational - Buggy,False,False,0.9,True,True,ANOMALOUS - output 'out' stuck at 0,groq,,0.0,,True,"‚ùå Analysis failed: Error code: 429 - {'error': {'message': 'Rate limit reached for model `llama-3.3-70b-versatile` in organization `org_01k236vhz3eqpsn0x0c471tafb` service tier `on_demand` on tokens per day (TPD): Limit 100000, Used 99914, Requested 517. Please try again in 6m12.383999999s. Need more tokens? Upgrade to Dev Tier today at https://console.groq.com/settings/billing', 'type': 'tokens', 'code': 'rate_limit_exceeded'}}",1.5,-1.2006337642669678,0.2993662357330322
Stuck AND (always 0),Combinational - Buggy,False,False,0.9,True,True,ANOMALOUS - output 'out' stuck at 0,gemini,,0.0,,True,"‚ùå Analysis failed: Error code: 429 - {'error': {'message': 'Rate limit reached for model `llama-3.3-70b-versatile` in organization `org_01k236vhz3eqpsn0x0c471tafb` service tier `on_demand` on tokens per day (TPD): Limit 100000, Used 99910, Requested 517. Please try again in 6m8.928s. Need more tokens? Upgrade to Dev Tier today at https://console.groq.com/settings/billing', 'type': 'tokens', 'code': 'rate_limit_exceeded'}}",1.5,-1.064051866531372,0.43594813346862793
Stuck AND (always 1),Combinational - Buggy,False,False,0.9,True,True,ANOMALOUS - output 'out' stuck at 1,gpt-4o,,0.0,,True,"‚ùå Analysis failed: Error code: 429 - {'error': {'message': 'Rate limit reached for model `llama-3.3-70b-versatile` in organization `org_01k236vhz3eqpsn0x0c471tafb` service tier `on_demand` on tokens per day (TPD): Limit 100000, Used 99906, Requested 518. Please try again in 6m6.336s. Need more tokens? Upgrade to Dev Tier today at https://console.groq.com/settings/billing', 'type': 'tokens', 'code': 'rate_limit_exceeded'}}",1.5,-1.213629961013794,0.28637003898620605
Stuck AND (always 1),Combinational - Buggy,False,False,0.9,True,True,ANOMALOUS - output 'out' stuck at 1,claude,,0.0,,True,"‚ùå Analysis failed: Error code: 429 - {'error': {'message': 'Rate limit reached for model `llama-3.3-70b-versatile` in organization `org_01k236vhz3eqpsn0x0c471tafb` service tier `on_demand` on tokens per day (TPD): Limit 100000, Used 99902, Requested 518. Please try again in 6m2.88s. Need more tokens? Upgrade to Dev Tier today at https://console.groq.com/settings/billing', 'type': 'tokens', 'code': 'rate_limit_exceeded'}}",1.5,-1.209899663925171,0.2901003360748291
Stuck AND (always 1),Combinational - Buggy,False,False,0.9,True,True,ANOMALOUS - output 'out' stuck at 1,groq,,0.0,,True,"‚ùå Analysis failed: Error code: 429 - {'error': {'message': 'Rate limit reached for model `llama-3.3-70b-versatile` in organization `org_01k236vhz3eqpsn0x0c471tafb` service tier `on_demand` on tokens per day (TPD): Limit 100000, Used 99898, Requested 518. Please try again in 5m59.424s. Need more tokens? Upgrade to Dev Tier today at https://console.groq.com/settings/billing', 'type': 'tokens', 'code': 'rate_limit_exceeded'}}",1.5,-1.2363927364349365,0.2636072635650635
Stuck AND (always 1),Combinational - Buggy,False,False,0.9,True,True,ANOMALOUS - output 'out' stuck at 1,gemini,,0.0,,True,"‚ùå Analysis failed: Error code: 429 - {'error': {'message': 'Rate limit reached for model `llama-3.3-70b-versatile` in organization `org_01k236vhz3eqpsn0x0c471tafb` service tier `on_demand` on tokens per day (TPD): Limit 100000, Used 99894, Requested 518. Please try again in 5m55.968s. Need more tokens? Upgrade to Dev Tier today at https://console.groq.com/settings/billing', 'type': 'tokens', 'code': 'rate_limit_exceeded'}}",1.5,-1.2687609195709229,0.23123908042907715
Inverted AND (NAND),Combinational - Buggy,False,True,0.4,False,True,NORMAL - behavior appears normal,gpt-4o,,0.0,,True,"‚ùå Analysis failed: Error code: 429 - {'error': {'message': 'Rate limit reached for model `llama-3.3-70b-versatile` in organization `org_01k236vhz3eqpsn0x0c471tafb` service tier `on_demand` on tokens per day (TPD): Limit 100000, Used 99891, Requested 518. Please try again in 5m53.376s. Need more tokens? Upgrade to Dev Tier today at https://console.groq.com/settings/billing', 'type': 'tokens', 'code': 'rate_limit_exceeded'}}",1.5,-1.2484540939331055,0.25154590606689453
Inverted AND (NAND),Combinational - Buggy,False,True,0.4,False,True,NORMAL - behavior appears normal,claude,,0.0,,True,"‚ùå Analysis failed: Error code: 429 - {'error': {'message': 'Rate limit reached for model `llama-3.3-70b-versatile` in organization `org_01k236vhz3eqpsn0x0c471tafb` service tier `on_demand` on tokens per day (TPD): Limit 100000, Used 99887, Requested 518. Please try again in 5m49.919999999s. Need more tokens? Upgrade to Dev Tier today at https://console.groq.com/settings/billing', 'type': 'tokens', 'code': 'rate_limit_exceeded'}}",1.5,-1.2549653053283691,0.24503469467163086
Inverted AND (NAND),Combinational - Buggy,False,True,0.4,False,True,NORMAL - behavior appears normal,groq,,0.0,,True,"‚ùå Analysis failed: Error code: 429 - {'error': {'message': 'Rate limit reached for model `llama-3.3-70b-versatile` in organization `org_01k236vhz3eqpsn0x0c471tafb` service tier `on_demand` on tokens per day (TPD): Limit 100000, Used 99883, Requested 518. Please try again in 5m46.464s. Need more tokens? Upgrade to Dev Tier today at https://console.groq.com/settings/billing', 'type': 'tokens', 'code': 'rate_limit_exceeded'}}",1.5,-1.2451326847076416,0.2548673152923584
Inverted AND (NAND),Combinational - Buggy,False,True,0.4,False,True,NORMAL - behavior appears normal,gemini,,0.0,,True,"‚ùå Analysis failed: Error code: 429 - {'error': {'message': 'Rate limit reached for model `llama-3.3-70b-versatile` in organization `org_01k236vhz3eqpsn0x0c471tafb` service tier `on_demand` on tokens per day (TPD): Limit 100000, Used 99879, Requested 518. Please try again in 5m43.008s. Need more tokens? Upgrade to Dev Tier today at https://console.groq.com/settings/billing', 'type': 'tokens', 'code': 'rate_limit_exceeded'}}",1.5,-1.2522878646850586,0.2477121353149414
Wrong OR (acts like AND),Combinational - Buggy,False,True,0.4,False,True,NORMAL - behavior appears normal,gpt-4o,,0.0,,True,"‚ùå Analysis failed: Error code: 429 - {'error': {'message': 'Rate limit reached for model `llama-3.3-70b-versatile` in organization `org_01k236vhz3eqpsn0x0c471tafb` service tier `on_demand` on tokens per day (TPD): Limit 100000, Used 99876, Requested 516. Please try again in 5m38.688s. Need more tokens? Upgrade to Dev Tier today at https://console.groq.com/settings/billing', 'type': 'tokens', 'code': 'rate_limit_exceeded'}}",1.5,-1.2626593112945557,0.23734068870544434
Wrong OR (acts like AND),Combinational - Buggy,False,True,0.4,False,True,NORMAL - behavior appears normal,claude,,0.0,,True,"‚ùå Analysis failed: Error code: 429 - {'error': {'message': 'Rate limit reached for model `llama-3.3-70b-versatile` in organization `org_01k236vhz3eqpsn0x0c471tafb` service tier `on_demand` on tokens per day (TPD): Limit 100000, Used 99872, Requested 516. Please try again in 5m35.232s. Need more tokens? Upgrade to Dev Tier today at https://console.groq.com/settings/billing', 'type': 'tokens', 'code': 'rate_limit_exceeded'}}",1.5,-1.2656397819519043,0.2343602180480957
Wrong OR (acts like AND),Combinational - Buggy,False,True,0.4,False,True,NORMAL - behavior appears normal,groq,,0.0,,True,"‚ùå Analysis failed: Error code: 429 - {'error': {'message': 'Rate limit reached for model `llama-3.3-70b-versatile` in organization `org_01k236vhz3eqpsn0x0c471tafb` service tier `on_demand` on tokens per day (TPD): Limit 100000, Used 99868, Requested 516. Please try again in 5m31.776s. Need more tokens? Upgrade to Dev Tier today at https://console.groq.com/settings/billing', 'type': 'tokens', 'code': 'rate_limit_exceeded'}}",1.5,-1.2549612522125244,0.24503874778747559
Wrong OR (acts like AND),Combinational - Buggy,False,True,0.4,False,True,NORMAL - behavior appears normal,gemini,,0.0,,True,"‚ùå Analysis failed: Error code: 429 - {'error': {'message': 'Rate limit reached for model `llama-3.3-70b-versatile` in organization `org_01k236vhz3eqpsn0x0c471tafb` service tier `on_demand` on tokens per day (TPD): Limit 100000, Used 99864, Requested 516. Please try again in 5m28.32s. Need more tokens? Upgrade to Dev Tier today at https://console.groq.com/settings/billing', 'type': 'tokens', 'code': 'rate_limit_exceeded'}}",1.5,-1.232377529144287,0.2676224708557129
Inverted XOR (XNOR),Combinational - Buggy,False,True,0.4,False,True,NORMAL - behavior appears normal,gpt-4o,,0.0,,True,"‚ùå Analysis failed: Error code: 429 - {'error': {'message': 'Rate limit reached for model `llama-3.3-70b-versatile` in organization `org_01k236vhz3eqpsn0x0c471tafb` service tier `on_demand` on tokens per day (TPD): Limit 100000, Used 99861, Requested 517. Please try again in 5m26.592s. Need more tokens? Upgrade to Dev Tier today at https://console.groq.com/settings/billing', 'type': 'tokens', 'code': 'rate_limit_exceeded'}}",1.5,-1.2105727195739746,0.2894272804260254
Inverted XOR (XNOR),Combinational - Buggy,False,True,0.4,False,True,NORMAL - behavior appears normal,claude,,0.0,,True,"‚ùå Analysis failed: Error code: 429 - {'error': {'message': 'Rate limit reached for model `llama-3.3-70b-versatile` in organization `org_01k236vhz3eqpsn0x0c471tafb` service tier `on_demand` on tokens per day (TPD): Limit 100000, Used 99857, Requested 517. Please try again in 5m23.135999999s. Need more tokens? Upgrade to Dev Tier today at https://console.groq.com/settings/billing', 'type': 'tokens', 'code': 'rate_limit_exceeded'}}",1.5,-1.2038044929504395,0.29619550704956055
Inverted XOR (XNOR),Combinational - Buggy,False,True,0.4,False,True,NORMAL - behavior appears normal,groq,,0.0,,True,"‚ùå Analysis failed: Error code: 429 - {'error': {'message': 'Rate limit reached for model `llama-3.3-70b-versatile` in organization `org_01k236vhz3eqpsn0x0c471tafb` service tier `on_demand` on tokens per day (TPD): Limit 100000, Used 99853, Requested 517. Please try again in 5m19.68s. Need more tokens? Upgrade to Dev Tier today at https://console.groq.com/settings/billing', 'type': 'tokens', 'code': 'rate_limit_exceeded'}}",1.5,-1.1828746795654297,0.3171253204345703
Inverted XOR (XNOR),Combinational - Buggy,False,True,0.4,False,True,NORMAL - behavior appears normal,gemini,,0.0,,True,"‚ùå Analysis failed: Error code: 429 - {'error': {'message': 'Rate limit reached for model `llama-3.3-70b-versatile` in organization `org_01k236vhz3eqpsn0x0c471tafb` service tier `on_demand` on tokens per day (TPD): Limit 100000, Used 99849, Requested 517. Please try again in 5m16.224s. Need more tokens? Upgrade to Dev Tier today at https://console.groq.com/settings/billing', 'type': 'tokens', 'code': 'rate_limit_exceeded'}}",1.5,-1.2555859088897705,0.2444140911102295
Partial Mux (ignores sel),Combinational - Buggy,False,True,0.4,False,True,NORMAL - behavior appears normal,gpt-4o,,0.0,,True,"‚ùå Analysis failed: Error code: 429 - {'error': {'message': 'Rate limit reached for model `llama-3.3-70b-versatile` in organization `org_01k236vhz3eqpsn0x0c471tafb` service tier `on_demand` on tokens per day (TPD): Limit 100000, Used 99845, Requested 543. Please try again in 5m35.232s. Need more tokens? Upgrade to Dev Tier today at https://console.groq.com/settings/billing', 'type': 'tokens', 'code': 'rate_limit_exceeded'}}",1.5,-1.2569317817687988,0.24306821823120117
Partial Mux (ignores sel),Combinational - Buggy,False,True,0.4,False,True,NORMAL - behavior appears normal,claude,,0.0,,True,"‚ùå Analysis failed: Error code: 429 - {'error': {'message': 'Rate limit reached for model `llama-3.3-70b-versatile` in organization `org_01k236vhz3eqpsn0x0c471tafb` service tier `on_demand` on tokens per day (TPD): Limit 100000, Used 99842, Requested 543. Please try again in 5m32.64s. Need more tokens? Upgrade to Dev Tier today at https://console.groq.com/settings/billing', 'type': 'tokens', 'code': 'rate_limit_exceeded'}}",1.5,-1.2093908786773682,0.29060912132263184
Partial Mux (ignores sel),Combinational - Buggy,False,True,0.4,False,True,NORMAL - behavior appears normal,groq,,0.0,,True,"‚ùå Analysis failed: Error code: 429 - {'error': {'message': 'Rate limit reached for model `llama-3.3-70b-versatile` in organization `org_01k236vhz3eqpsn0x0c471tafb` service tier `on_demand` on tokens per day (TPD): Limit 100000, Used 99838, Requested 543. Please try again in 5m29.184s. Need more tokens? Upgrade to Dev Tier today at https://console.groq.com/settings/billing', 'type': 'tokens', 'code': 'rate_limit_exceeded'}}",1.5,-1.172609567642212,0.3273904323577881
Partial Mux (ignores sel),Combinational - Buggy,False,True,0.4,False,True,NORMAL - behavior appears normal,gemini,,0.0,,True,"‚ùå Analysis failed: Error code: 429 - {'error': {'message': 'Rate limit reached for model `llama-3.3-70b-versatile` in organization `org_01k236vhz3eqpsn0x0c471tafb` service tier `on_demand` on tokens per day (TPD): Limit 100000, Used 99834, Requested 543. Please try again in 5m25.728s. Need more tokens? Upgrade to Dev Tier today at https://console.groq.com/settings/billing', 'type': 'tokens', 'code': 'rate_limit_exceeded'}}",1.5,-1.19820237159729,0.30179762840270996
4-bit Counter,Sequential - Normal,True,True,0.4,True,True,NORMAL - behavior appears normal,gpt-4o,,0.0,,True,"‚ùå Analysis failed: Error code: 429 - {'error': {'message': 'Rate limit reached for model `llama-3.3-70b-versatile` in organization `org_01k236vhz3eqpsn0x0c471tafb` service tier `on_demand` on tokens per day (TPD): Limit 100000, Used 99830, Requested 613. Please try again in 6m22.752s. Need more tokens? Upgrade to Dev Tier today at https://console.groq.com/settings/billing', 'type': 'tokens', 'code': 'rate_limit_exceeded'}}",1.5,-1.151670217514038,0.3483297824859619
4-bit Counter,Sequential - Normal,True,True,0.4,True,True,NORMAL - behavior appears normal,claude,,0.0,,True,"‚ùå Analysis failed: Error code: 429 - {'error': {'message': 'Rate limit reached for model `llama-3.3-70b-versatile` in organization `org_01k236vhz3eqpsn0x0c471tafb` service tier `on_demand` on tokens per day (TPD): Limit 100000, Used 99826, Requested 613. Please try again in 6m19.296s. Need more tokens? Upgrade to Dev Tier today at https://console.groq.com/settings/billing', 'type': 'tokens', 'code': 'rate_limit_exceeded'}}",1.5,-1.2182719707489014,0.28172802925109863
4-bit Counter,Sequential - Normal,True,True,0.4,True,True,NORMAL - behavior appears normal,groq,,0.0,,True,"‚ùå Analysis failed: Error code: 429 - {'error': {'message': 'Rate limit reached for model `llama-3.3-70b-versatile` in organization `org_01k236vhz3eqpsn0x0c471tafb` service tier `on_demand` on tokens per day (TPD): Limit 100000, Used 99822, Requested 613. Please try again in 6m15.84s. Need more tokens? Upgrade to Dev Tier today at https://console.groq.com/settings/billing', 'type': 'tokens', 'code': 'rate_limit_exceeded'}}",1.5,-1.1678154468536377,0.3321845531463623
4-bit Counter,Sequential - Normal,True,True,0.4,True,True,NORMAL - behavior appears normal,gemini,,0.0,,True,"‚ùå Analysis failed: Error code: 429 - {'error': {'message': 'Rate limit reached for model `llama-3.3-70b-versatile` in organization `org_01k236vhz3eqpsn0x0c471tafb` service tier `on_demand` on tokens per day (TPD): Limit 100000, Used 99819, Requested 613. Please try again in 6m13.248s. Need more tokens? Upgrade to Dev Tier today at https://console.groq.com/settings/billing', 'type': 'tokens', 'code': 'rate_limit_exceeded'}}",1.5,-1.254201889038086,0.24579811096191406
D Flip-Flop,Sequential - Normal,True,True,0.3,True,True,"NORMAL - sequential behavior appears normal, VAE: 0.074",gpt-4o,,0.0,,True,"‚ùå Analysis failed: Error code: 429 - {'error': {'message': 'Rate limit reached for model `llama-3.3-70b-versatile` in organization `org_01k236vhz3eqpsn0x0c471tafb` service tier `on_demand` on tokens per day (TPD): Limit 100000, Used 99815, Requested 604. Please try again in 6m2.016s. Need more tokens? Upgrade to Dev Tier today at https://console.groq.com/settings/billing', 'type': 'tokens', 'code': 'rate_limit_exceeded'}}",1.5,-1.1921296119689941,0.30787038803100586
D Flip-Flop,Sequential - Normal,True,True,0.3,True,True,"NORMAL - sequential behavior appears normal, VAE: 0.074",claude,,0.0,,True,"‚ùå Analysis failed: Error code: 429 - {'error': {'message': 'Rate limit reached for model `llama-3.3-70b-versatile` in organization `org_01k236vhz3eqpsn0x0c471tafb` service tier `on_demand` on tokens per day (TPD): Limit 100000, Used 99811, Requested 604. Please try again in 5m58.56s. Need more tokens? Upgrade to Dev Tier today at https://console.groq.com/settings/billing', 'type': 'tokens', 'code': 'rate_limit_exceeded'}}",1.5,-1.2144784927368164,0.2855215072631836
D Flip-Flop,Sequential - Normal,True,True,0.3,True,True,"NORMAL - sequential behavior appears normal, VAE: 0.075",groq,,0.0,,True,"‚ùå Analysis failed: Error code: 429 - {'error': {'message': 'Rate limit reached for model `llama-3.3-70b-versatile` in organization `org_01k236vhz3eqpsn0x0c471tafb` service tier `on_demand` on tokens per day (TPD): Limit 100000, Used 99807, Requested 604. Please try again in 5m55.104s. Need more tokens? Upgrade to Dev Tier today at https://console.groq.com/settings/billing', 'type': 'tokens', 'code': 'rate_limit_exceeded'}}",1.5,-1.1270523071289062,0.37294769287109375
D Flip-Flop,Sequential - Normal,True,True,0.3,True,True,"NORMAL - sequential behavior appears normal, VAE: 0.076",gemini,,0.0,,True,"‚ùå Analysis failed: Error code: 429 - {'error': {'message': 'Rate limit reached for model `llama-3.3-70b-versatile` in organization `org_01k236vhz3eqpsn0x0c471tafb` service tier `on_demand` on tokens per day (TPD): Limit 100000, Used 99803, Requested 604. Please try again in 5m51.647999999s. Need more tokens? Upgrade to Dev Tier today at https://console.groq.com/settings/billing', 'type': 'tokens', 'code': 'rate_limit_exceeded'}}",1.5,-1.2028019428253174,0.2971980571746826
T Flip-Flop,Sequential - Normal,True,True,0.3,True,True,"NORMAL - sequential behavior appears normal, VAE: 0.090",gpt-4o,,0.0,,True,"‚ùå Analysis failed: Error code: 429 - {'error': {'message': 'Rate limit reached for model `llama-3.3-70b-versatile` in organization `org_01k236vhz3eqpsn0x0c471tafb` service tier `on_demand` on tokens per day (TPD): Limit 100000, Used 99800, Requested 628. Please try again in 6m9.792s. Need more tokens? Upgrade to Dev Tier today at https://console.groq.com/settings/billing', 'type': 'tokens', 'code': 'rate_limit_exceeded'}}",1.5,-1.2473561763763428,0.2526438236236572
T Flip-Flop,Sequential - Normal,True,True,0.3,True,True,"NORMAL - sequential behavior appears normal, VAE: 0.088",claude,,0.0,,True,"‚ùå Analysis failed: Error code: 429 - {'error': {'message': 'Rate limit reached for model `llama-3.3-70b-versatile` in organization `org_01k236vhz3eqpsn0x0c471tafb` service tier `on_demand` on tokens per day (TPD): Limit 100000, Used 99796, Requested 628. Please try again in 6m6.336s. Need more tokens? Upgrade to Dev Tier today at https://console.groq.com/settings/billing', 'type': 'tokens', 'code': 'rate_limit_exceeded'}}",1.5,-1.2677099704742432,0.23229002952575684
T Flip-Flop,Sequential - Normal,True,True,0.3,True,True,"NORMAL - sequential behavior appears normal, VAE: 0.091",groq,,0.0,,True,"‚ùå Analysis failed: Error code: 429 - {'error': {'message': 'Rate limit reached for model `llama-3.3-70b-versatile` in organization `org_01k236vhz3eqpsn0x0c471tafb` service tier `on_demand` on tokens per day (TPD): Limit 100000, Used 99792, Requested 628. Please try again in 6m2.88s. Need more tokens? Upgrade to Dev Tier today at https://console.groq.com/settings/billing', 'type': 'tokens', 'code': 'rate_limit_exceeded'}}",1.5,-1.252152442932129,0.2478475570678711
T Flip-Flop,Sequential - Normal,True,True,0.3,True,True,"NORMAL - sequential behavior appears normal, VAE: 0.089",gemini,,0.0,,True,"‚ùå Analysis failed: Error code: 429 - {'error': {'message': 'Rate limit reached for model `llama-3.3-70b-versatile` in organization `org_01k236vhz3eqpsn0x0c471tafb` service tier `on_demand` on tokens per day (TPD): Limit 100000, Used 99788, Requested 628. Please try again in 5m59.424s. Need more tokens? Upgrade to Dev Tier today at https://console.groq.com/settings/billing', 'type': 'tokens', 'code': 'rate_limit_exceeded'}}",1.5,-1.125652551651001,0.374347448348999
Shift Register,Sequential - Normal,True,True,0.4,True,True,NORMAL - behavior appears normal,gpt-4o,,0.0,,True,"‚ùå Analysis failed: Error code: 429 - {'error': {'message': 'Rate limit reached for model `llama-3.3-70b-versatile` in organization `org_01k236vhz3eqpsn0x0c471tafb` service tier `on_demand` on tokens per day (TPD): Limit 100000, Used 99784, Requested 660. Please try again in 6m23.616s. Need more tokens? Upgrade to Dev Tier today at https://console.groq.com/settings/billing', 'type': 'tokens', 'code': 'rate_limit_exceeded'}}",1.5,-1.248122215270996,0.2518777847290039
Shift Register,Sequential - Normal,True,True,0.4,True,True,NORMAL - behavior appears normal,claude,,0.0,,True,"‚ùå Analysis failed: Error code: 429 - {'error': {'message': 'Rate limit reached for model `llama-3.3-70b-versatile` in organization `org_01k236vhz3eqpsn0x0c471tafb` service tier `on_demand` on tokens per day (TPD): Limit 100000, Used 99781, Requested 660. Please try again in 6m21.024s. Need more tokens? Upgrade to Dev Tier today at https://console.groq.com/settings/billing', 'type': 'tokens', 'code': 'rate_limit_exceeded'}}",1.5,-1.23557710647583,0.2644228935241699
Shift Register,Sequential - Normal,True,True,0.4,True,True,NORMAL - behavior appears normal,groq,,0.0,,True,"‚ùå Analysis failed: Error code: 429 - {'error': {'message': 'Rate limit reached for model `llama-3.3-70b-versatile` in organization `org_01k236vhz3eqpsn0x0c471tafb` service tier `on_demand` on tokens per day (TPD): Limit 100000, Used 99777, Requested 660. Please try again in 6m17.568s. Need more tokens? Upgrade to Dev Tier today at https://console.groq.com/settings/billing', 'type': 'tokens', 'code': 'rate_limit_exceeded'}}",1.5,-1.1370785236358643,0.36292147636413574
Shift Register,Sequential - Normal,True,True,0.4,True,True,NORMAL - behavior appears normal,gemini,,0.0,,True,"‚ùå Analysis failed: Error code: 429 - {'error': {'message': 'Rate limit reached for model `llama-3.3-70b-versatile` in organization `org_01k236vhz3eqpsn0x0c471tafb` service tier `on_demand` on tokens per day (TPD): Limit 100000, Used 99773, Requested 660. Please try again in 6m14.111999999s. Need more tokens? Upgrade to Dev Tier today at https://console.groq.com/settings/billing', 'type': 'tokens', 'code': 'rate_limit_exceeded'}}",1.5,-1.2493770122528076,0.2506229877471924
Stuck Counter,Sequential - Buggy,False,False,0.8,True,True,ANOMALOUS - outputs don't respond to inputs,gpt-4o,,0.0,,True,"‚ùå Analysis failed: Error code: 429 - {'error': {'message': 'Rate limit reached for model `llama-3.3-70b-versatile` in organization `org_01k236vhz3eqpsn0x0c471tafb` service tier `on_demand` on tokens per day (TPD): Limit 100000, Used 99769, Requested 497. Please try again in 3m49.824s. Need more tokens? Upgrade to Dev Tier today at https://console.groq.com/settings/billing', 'type': 'tokens', 'code': 'rate_limit_exceeded'}}",1.5,-1.2485816478729248,0.2514183521270752
Stuck Counter,Sequential - Buggy,False,False,0.8,True,True,ANOMALOUS - outputs don't respond to inputs,claude,,0.0,,True,"‚ùå Analysis failed: Error code: 429 - {'error': {'message': 'Rate limit reached for model `llama-3.3-70b-versatile` in organization `org_01k236vhz3eqpsn0x0c471tafb` service tier `on_demand` on tokens per day (TPD): Limit 100000, Used 99765, Requested 497. Please try again in 3m46.368s. Need more tokens? Upgrade to Dev Tier today at https://console.groq.com/settings/billing', 'type': 'tokens', 'code': 'rate_limit_exceeded'}}",1.5,-1.2565710544586182,0.24342894554138184
Stuck Counter,Sequential - Buggy,False,False,0.8,True,True,ANOMALOUS - outputs don't respond to inputs,groq,,0.0,,True,"‚ùå Analysis failed: Error code: 429 - {'error': {'message': 'Rate limit reached for model `llama-3.3-70b-versatile` in organization `org_01k236vhz3eqpsn0x0c471tafb` service tier `on_demand` on tokens per day (TPD): Limit 100000, Used 99762, Requested 497. Please try again in 3m43.775999999s. Need more tokens? Upgrade to Dev Tier today at https://console.groq.com/settings/billing', 'type': 'tokens', 'code': 'rate_limit_exceeded'}}",1.5,-1.2259535789489746,0.2740464210510254
Stuck Counter,Sequential - Buggy,False,False,0.8,True,True,ANOMALOUS - outputs don't respond to inputs,gemini,,0.0,,True,"‚ùå Analysis failed: Error code: 429 - {'error': {'message': 'Rate limit reached for model `llama-3.3-70b-versatile` in organization `org_01k236vhz3eqpsn0x0c471tafb` service tier `on_demand` on tokens per day (TPD): Limit 100000, Used 99758, Requested 497. Please try again in 3m40.32s. Need more tokens? Upgrade to Dev Tier today at https://console.groq.com/settings/billing', 'type': 'tokens', 'code': 'rate_limit_exceeded'}}",1.5,-1.2624526023864746,0.2375473976135254
Counter (no reset),Sequential - Buggy,False,False,0.8,True,True,ANOMALOUS - outputs don't respond to inputs,gpt-4o,,0.0,,True,"‚ùå Analysis failed: Error code: 429 - {'error': {'message': 'Rate limit reached for model `llama-3.3-70b-versatile` in organization `org_01k236vhz3eqpsn0x0c471tafb` service tier `on_demand` on tokens per day (TPD): Limit 100000, Used 99754, Requested 486. Please try again in 3m27.36s. Need more tokens? Upgrade to Dev Tier today at https://console.groq.com/settings/billing', 'type': 'tokens', 'code': 'rate_limit_exceeded'}}",1.5,-1.2461235523223877,0.2538764476776123
Counter (no reset),Sequential - Buggy,False,False,0.8,True,True,ANOMALOUS - outputs don't respond to inputs,claude,,0.0,,True,"‚ùå Analysis failed: Error code: 429 - {'error': {'message': 'Rate limit reached for model `llama-3.3-70b-versatile` in organization `org_01k236vhz3eqpsn0x0c471tafb` service tier `on_demand` on tokens per day (TPD): Limit 100000, Used 99750, Requested 486. Please try again in 3m23.904s. Need more tokens? Upgrade to Dev Tier today at https://console.groq.com/settings/billing', 'type': 'tokens', 'code': 'rate_limit_exceeded'}}",1.5,-1.268432855606079,0.2315671443939209
Counter (no reset),Sequential - Buggy,False,False,0.8,True,True,ANOMALOUS - outputs don't respond to inputs,groq,,0.0,,True,"‚ùå Analysis failed: Error code: 429 - {'error': {'message': 'Rate limit reached for model `llama-3.3-70b-versatile` in organization `org_01k236vhz3eqpsn0x0c471tafb` service tier `on_demand` on tokens per day (TPD): Limit 100000, Used 99747, Requested 486. Please try again in 3m21.312s. Need more tokens? Upgrade to Dev Tier today at https://console.groq.com/settings/billing', 'type': 'tokens', 'code': 'rate_limit_exceeded'}}",1.5,-1.2571890354156494,0.24281096458435059
Counter (no reset),Sequential - Buggy,False,False,0.8,True,True,ANOMALOUS - outputs don't respond to inputs,gemini,,0.0,,True,"‚ùå Analysis failed: Error code: 429 - {'error': {'message': 'Rate limit reached for model `llama-3.3-70b-versatile` in organization `org_01k236vhz3eqpsn0x0c471tafb` service tier `on_demand` on tokens per day (TPD): Limit 100000, Used 99743, Requested 486. Please try again in 3m17.856s. Need more tokens? Upgrade to Dev Tier today at https://console.groq.com/settings/billing', 'type': 'tokens', 'code': 'rate_limit_exceeded'}}",1.5,-1.2614736557006836,0.2385263442993164
DFF (stuck output),Sequential - Buggy,False,False,0.9,True,True,ANOMALOUS - output 'q' stuck at 0,gpt-4o,,0.0,,True,"‚ùå Analysis failed: Error code: 429 - {'error': {'message': 'Rate limit reached for model `llama-3.3-70b-versatile` in organization `org_01k236vhz3eqpsn0x0c471tafb` service tier `on_demand` on tokens per day (TPD): Limit 100000, Used 99739, Requested 551. Please try again in 4m10.559999999s. Need more tokens? Upgrade to Dev Tier today at https://console.groq.com/settings/billing', 'type': 'tokens', 'code': 'rate_limit_exceeded'}}",1.5,-1.252044916152954,0.2479550838470459
DFF (stuck output),Sequential - Buggy,False,False,0.9,True,True,ANOMALOUS - output 'q' stuck at 0,claude,,0.0,,True,"‚ùå Analysis failed: Error code: 429 - {'error': {'message': 'Rate limit reached for model `llama-3.3-70b-versatile` in organization `org_01k236vhz3eqpsn0x0c471tafb` service tier `on_demand` on tokens per day (TPD): Limit 100000, Used 99735, Requested 551. Please try again in 4m7.104s. Need more tokens? Upgrade to Dev Tier today at https://console.groq.com/settings/billing', 'type': 'tokens', 'code': 'rate_limit_exceeded'}}",1.5,-1.2679259777069092,0.23207402229309082
DFF (stuck output),Sequential - Buggy,False,False,0.9,True,True,ANOMALOUS - output 'q' stuck at 0,groq,,0.0,,True,"‚ùå Analysis failed: Error code: 429 - {'error': {'message': 'Rate limit reached for model `llama-3.3-70b-versatile` in organization `org_01k236vhz3eqpsn0x0c471tafb` service tier `on_demand` on tokens per day (TPD): Limit 100000, Used 99732, Requested 551. Please try again in 4m4.512s. Need more tokens? Upgrade to Dev Tier today at https://console.groq.com/settings/billing', 'type': 'tokens', 'code': 'rate_limit_exceeded'}}",1.5,-1.2405927181243896,0.25940728187561035
DFF (stuck output),Sequential - Buggy,False,False,0.9,True,True,ANOMALOUS - output 'q' stuck at 0,gemini,,0.0,,True,"‚ùå Analysis failed: Error code: 429 - {'error': {'message': 'Rate limit reached for model `llama-3.3-70b-versatile` in organization `org_01k236vhz3eqpsn0x0c471tafb` service tier `on_demand` on tokens per day (TPD): Limit 100000, Used 99728, Requested 551. Please try again in 4m1.055999999s. Need more tokens? Upgrade to Dev Tier today at https://console.groq.com/settings/billing', 'type': 'tokens', 'code': 'rate_limit_exceeded'}}",1.5,-1.1997108459472656,0.3002891540527344
Shift Register (no shift),Sequential - Buggy,False,False,0.9,True,True,ANOMALOUS - output 'dout' stuck at 0,gpt-4o,,0.0,,True,"‚ùå Analysis failed: Error code: 429 - {'error': {'message': 'Rate limit reached for model `llama-3.3-70b-versatile` in organization `org_01k236vhz3eqpsn0x0c471tafb` service tier `on_demand` on tokens per day (TPD): Limit 100000, Used 99724, Requested 564. Please try again in 4m8.832s. Need more tokens? Upgrade to Dev Tier today at https://console.groq.com/settings/billing', 'type': 'tokens', 'code': 'rate_limit_exceeded'}}",1.5,-1.2487730979919434,0.25122690200805664
Shift Register (no shift),Sequential - Buggy,False,False,0.9,True,True,ANOMALOUS - output 'dout' stuck at 0,claude,,0.0,,True,"‚ùå Analysis failed: Error code: 429 - {'error': {'message': 'Rate limit reached for model `llama-3.3-70b-versatile` in organization `org_01k236vhz3eqpsn0x0c471tafb` service tier `on_demand` on tokens per day (TPD): Limit 100000, Used 99720, Requested 564. Please try again in 4m5.376s. Need more tokens? Upgrade to Dev Tier today at https://console.groq.com/settings/billing', 'type': 'tokens', 'code': 'rate_limit_exceeded'}}",1.5,-1.2529854774475098,0.24701452255249023
Shift Register (no shift),Sequential - Buggy,False,False,0.9,True,True,ANOMALOUS - output 'dout' stuck at 0,groq,,0.0,,True,"‚ùå Analysis failed: Error code: 429 - {'error': {'message': 'Rate limit reached for model `llama-3.3-70b-versatile` in organization `org_01k236vhz3eqpsn0x0c471tafb` service tier `on_demand` on tokens per day (TPD): Limit 100000, Used 99716, Requested 564. Please try again in 4m1.92s. Need more tokens? Upgrade to Dev Tier today at https://console.groq.com/settings/billing', 'type': 'tokens', 'code': 'rate_limit_exceeded'}}",1.5,-1.2137870788574219,0.2862129211425781
Shift Register (no shift),Sequential - Buggy,False,False,0.9,True,True,ANOMALOUS - output 'dout' stuck at 0,gemini,,0.0,,True,"‚ùå Analysis failed: Error code: 429 - {'error': {'message': 'Rate limit reached for model `llama-3.3-70b-versatile` in organization `org_01k236vhz3eqpsn0x0c471tafb` service tier `on_demand` on tokens per day (TPD): Limit 100000, Used 99713, Requested 564. Please try again in 3m59.328s. Need more tokens? Upgrade to Dev Tier today at https://console.groq.com/settings/billing', 'type': 'tokens', 'code': 'rate_limit_exceeded'}}",1.5,-1.2511682510375977,0.24883174896240234
Half Adder,Arithmetic - Normal,True,True,0.4,True,True,NORMAL - arithmetic behavior appears normal,gpt-4o,,0.0,,True,"‚ùå Analysis failed: Error code: 429 - {'error': {'message': 'Rate limit reached for model `llama-3.3-70b-versatile` in organization `org_01k236vhz3eqpsn0x0c471tafb` service tier `on_demand` on tokens per day (TPD): Limit 100000, Used 99709, Requested 553. Please try again in 3m46.368s. Need more tokens? Upgrade to Dev Tier today at https://console.groq.com/settings/billing', 'type': 'tokens', 'code': 'rate_limit_exceeded'}}",1.5,-1.2409276962280273,0.25907230377197266
Half Adder,Arithmetic - Normal,True,True,0.4,True,True,NORMAL - arithmetic behavior appears normal,claude,,0.0,,True,"‚ùå Analysis failed: Error code: 429 - {'error': {'message': 'Rate limit reached for model `llama-3.3-70b-versatile` in organization `org_01k236vhz3eqpsn0x0c471tafb` service tier `on_demand` on tokens per day (TPD): Limit 100000, Used 99705, Requested 553. Please try again in 3m42.911999999s. Need more tokens? Upgrade to Dev Tier today at https://console.groq.com/settings/billing', 'type': 'tokens', 'code': 'rate_limit_exceeded'}}",1.5,-1.2085232734680176,0.2914767265319824
Half Adder,Arithmetic - Normal,True,True,0.4,True,True,NORMAL - arithmetic behavior appears normal,groq,,0.0,,True,"‚ùå Analysis failed: Error code: 429 - {'error': {'message': 'Rate limit reached for model `llama-3.3-70b-versatile` in organization `org_01k236vhz3eqpsn0x0c471tafb` service tier `on_demand` on tokens per day (TPD): Limit 100000, Used 99701, Requested 553. Please try again in 3m39.456s. Need more tokens? Upgrade to Dev Tier today at https://console.groq.com/settings/billing', 'type': 'tokens', 'code': 'rate_limit_exceeded'}}",1.5,-1.259777307510376,0.24022269248962402
Half Adder,Arithmetic - Normal,True,True,0.4,True,True,NORMAL - arithmetic behavior appears normal,gemini,,0.0,,True,"‚ùå Analysis failed: Error code: 429 - {'error': {'message': 'Rate limit reached for model `llama-3.3-70b-versatile` in organization `org_01k236vhz3eqpsn0x0c471tafb` service tier `on_demand` on tokens per day (TPD): Limit 100000, Used 99698, Requested 553. Please try again in 3m36.864s. Need more tokens? Upgrade to Dev Tier today at https://console.groq.com/settings/billing', 'type': 'tokens', 'code': 'rate_limit_exceeded'}}",1.5,-1.2538082599639893,0.24619174003601074
Full Adder,Arithmetic - Normal,True,True,0.4,True,True,NORMAL - arithmetic behavior appears normal,gpt-4o,,0.0,,True,"‚ùå Analysis failed: Error code: 429 - {'error': {'message': 'Rate limit reached for model `llama-3.3-70b-versatile` in organization `org_01k236vhz3eqpsn0x0c471tafb` service tier `on_demand` on tokens per day (TPD): Limit 100000, Used 99694, Requested 565. Please try again in 3m43.775999999s. Need more tokens? Upgrade to Dev Tier today at https://console.groq.com/settings/billing', 'type': 'tokens', 'code': 'rate_limit_exceeded'}}",1.5,-1.225395679473877,0.27460432052612305
Full Adder,Arithmetic - Normal,True,True,0.4,True,True,NORMAL - arithmetic behavior appears normal,claude,,0.0,,True,"‚ùå Analysis failed: Error code: 429 - {'error': {'message': 'Rate limit reached for model `llama-3.3-70b-versatile` in organization `org_01k236vhz3eqpsn0x0c471tafb` service tier `on_demand` on tokens per day (TPD): Limit 100000, Used 99690, Requested 565. Please try again in 3m40.32s. Need more tokens? Upgrade to Dev Tier today at https://console.groq.com/settings/billing', 'type': 'tokens', 'code': 'rate_limit_exceeded'}}",1.5,-1.2549538612365723,0.24504613876342773
Full Adder,Arithmetic - Normal,True,True,0.4,True,True,NORMAL - arithmetic behavior appears normal,groq,,0.0,,True,"‚ùå Analysis failed: Error code: 429 - {'error': {'message': 'Rate limit reached for model `llama-3.3-70b-versatile` in organization `org_01k236vhz3eqpsn0x0c471tafb` service tier `on_demand` on tokens per day (TPD): Limit 100000, Used 99686, Requested 565. Please try again in 3m36.864s. Need more tokens? Upgrade to Dev Tier today at https://console.groq.com/settings/billing', 'type': 'tokens', 'code': 'rate_limit_exceeded'}}",1.5,-1.2444515228271484,0.25554847717285156
Full Adder,Arithmetic - Normal,True,True,0.4,True,True,NORMAL - arithmetic behavior appears normal,gemini,,0.0,,True,"‚ùå Analysis failed: Error code: 429 - {'error': {'message': 'Rate limit reached for model `llama-3.3-70b-versatile` in organization `org_01k236vhz3eqpsn0x0c471tafb` service tier `on_demand` on tokens per day (TPD): Limit 100000, Used 99683, Requested 565. Please try again in 3m34.272s. Need more tokens? Upgrade to Dev Tier today at https://console.groq.com/settings/billing', 'type': 'tokens', 'code': 'rate_limit_exceeded'}}",1.5,-1.2378079891204834,0.2621920108795166
Half Adder (wrong sum),Arithmetic - Buggy,False,True,0.4,False,True,NORMAL - arithmetic behavior appears normal,gpt-4o,,0.0,,True,"‚ùå Analysis failed: Error code: 429 - {'error': {'message': 'Rate limit reached for model `llama-3.3-70b-versatile` in organization `org_01k236vhz3eqpsn0x0c471tafb` service tier `on_demand` on tokens per day (TPD): Limit 100000, Used 99679, Requested 554. Please try again in 3m21.312s. Need more tokens? Upgrade to Dev Tier today at https://console.groq.com/settings/billing', 'type': 'tokens', 'code': 'rate_limit_exceeded'}}",1.5,-1.2666611671447754,0.2333388328552246
Half Adder (wrong sum),Arithmetic - Buggy,False,True,0.4,False,True,NORMAL - arithmetic behavior appears normal,claude,,0.0,,True,"‚ùå Analysis failed: Error code: 429 - {'error': {'message': 'Rate limit reached for model `llama-3.3-70b-versatile` in organization `org_01k236vhz3eqpsn0x0c471tafb` service tier `on_demand` on tokens per day (TPD): Limit 100000, Used 99675, Requested 554. Please try again in 3m17.856s. Need more tokens? Upgrade to Dev Tier today at https://console.groq.com/settings/billing', 'type': 'tokens', 'code': 'rate_limit_exceeded'}}",1.5,-1.262542486190796,0.2374575138092041
Half Adder (wrong sum),Arithmetic - Buggy,False,True,0.4,False,True,NORMAL - arithmetic behavior appears normal,groq,,0.0,,True,"‚ùå Analysis failed: Error code: 429 - {'error': {'message': 'Rate limit reached for model `llama-3.3-70b-versatile` in organization `org_01k236vhz3eqpsn0x0c471tafb` service tier `on_demand` on tokens per day (TPD): Limit 100000, Used 99671, Requested 554. Please try again in 3m14.399999999s. Need more tokens? Upgrade to Dev Tier today at https://console.groq.com/settings/billing', 'type': 'tokens', 'code': 'rate_limit_exceeded'}}",1.5,-1.2529172897338867,0.24708271026611328
Half Adder (wrong sum),Arithmetic - Buggy,False,True,0.4,False,True,NORMAL - arithmetic behavior appears normal,gemini,,0.0,,True,"‚ùå Analysis failed: Error code: 429 - {'error': {'message': 'Rate limit reached for model `llama-3.3-70b-versatile` in organization `org_01k236vhz3eqpsn0x0c471tafb` service tier `on_demand` on tokens per day (TPD): Limit 100000, Used 99668, Requested 554. Please try again in 3m11.808s. Need more tokens? Upgrade to Dev Tier today at https://console.groq.com/settings/billing', 'type': 'tokens', 'code': 'rate_limit_exceeded'}}",1.5,-1.2517435550689697,0.24825644493103027
Full Adder (no carry),Arithmetic - Buggy,False,False,0.9,True,True,ANOMALOUS - output 'cout' stuck at 0,gpt-4o,,0.0,,True,"‚ùå Analysis failed: Error code: 429 - {'error': {'message': 'Rate limit reached for model `llama-3.3-70b-versatile` in organization `org_01k236vhz3eqpsn0x0c471tafb` service tier `on_demand` on tokens per day (TPD): Limit 100000, Used 99664, Requested 554. Please try again in 3m8.352s. Need more tokens? Upgrade to Dev Tier today at https://console.groq.com/settings/billing', 'type': 'tokens', 'code': 'rate_limit_exceeded'}}",1.5,-1.2617173194885254,0.2382826805114746
Full Adder (no carry),Arithmetic - Buggy,False,False,0.9,True,True,ANOMALOUS - output 'cout' stuck at 0,claude,,0.0,,True,"‚ùå Analysis failed: Error code: 429 - {'error': {'message': 'Rate limit reached for model `llama-3.3-70b-versatile` in organization `org_01k236vhz3eqpsn0x0c471tafb` service tier `on_demand` on tokens per day (TPD): Limit 100000, Used 99660, Requested 554. Please try again in 3m4.896s. Need more tokens? Upgrade to Dev Tier today at https://console.groq.com/settings/billing', 'type': 'tokens', 'code': 'rate_limit_exceeded'}}",1.5,-1.257746696472168,0.24225330352783203
Full Adder (no carry),Arithmetic - Buggy,False,False,0.9,True,True,ANOMALOUS - output 'cout' stuck at 0,groq,,0.0,,True,"‚ùå Analysis failed: Error code: 429 - {'error': {'message': 'Rate limit reached for model `llama-3.3-70b-versatile` in organization `org_01k236vhz3eqpsn0x0c471tafb` service tier `on_demand` on tokens per day (TPD): Limit 100000, Used 99656, Requested 554. Please try again in 3m1.44s. Need more tokens? Upgrade to Dev Tier today at https://console.groq.com/settings/billing', 'type': 'tokens', 'code': 'rate_limit_exceeded'}}",1.5,-1.2397046089172363,0.26029539108276367
Full Adder (no carry),Arithmetic - Buggy,False,False,0.9,True,True,ANOMALOUS - output 'cout' stuck at 0,gemini,,0.0,,True,"‚ùå Analysis failed: Error code: 429 - {'error': {'message': 'Rate limit reached for model `llama-3.3-70b-versatile` in organization `org_01k236vhz3eqpsn0x0c471tafb` service tier `on_demand` on tokens per day (TPD): Limit 100000, Used 99652, Requested 554. Please try again in 2m57.984s. Need more tokens? Upgrade to Dev Tier today at https://console.groq.com/settings/billing', 'type': 'tokens', 'code': 'rate_limit_exceeded'}}",1.5,-1.2630178928375244,0.23698210716247559
