circuit_name,category,expected_normal,vae_predicted_normal,vae_confidence,vae_correct,vae_available,vae_message,llm_model,llm_predicted_normal,llm_confidence,llm_correct,llm_available,llm_analysis,llm_raw_response,vae_time,llm_time,total_time
2-Input AND,Combinational - Normal,True,True,0.4,True,True,NORMAL - behavior appears normal,gpt-4o,False,0.6,False,True,"# Verilog Simulation Waveform Analysis Report

## Overview
This report analyzes the provided Verilog simulation waveform data against the design context of an AND gate. The analysis follows a comprehensive checklist to identify potential issues and provide an overall assessment.

## Analysis Checklist

### 1. ğŸ” Signal Integrity Issues
- **Uninitialized Signals**: No occurrences of `x` or `z` values in the waveform data. All signals are initialized.
- **Signal Stability Problems**: No unexpected ","# Verilog Simulation Waveform Analysis Report

## Overview
This report analyzes the provided Verilog simulation waveform data against the design context of an AND gate. The analysis follows a comprehensive checklist to identify potential issues and provide an overall assessment.

## Analysis Checklist

### 1. ğŸ” Signal Integrity Issues
- **Uninitialized Signals**: No occurrences of `x` or `z` values in the waveform data. All signals are initialized.
- **Signal Stability Problems**: No unexpected oscillations or glitches were observed in the signal transitions.
- **Unexpected Transitions**: Transitions align with expected behavior for an AND gate.
- **Drive Conflicts**: No drive conflicts detected as all signal states are logically consistent.

### 2. â° Timing Analysis
- **Setup/Hold Violations**: Not applicable as the design does not involve clocked elements.
- **Clock Domain Issues**: Not applicable as no clock signals are involved.
- **Race Conditions**: No race conditions detected; t",1.5,13.012486934661865,14.512486934661865
2-Input AND,Combinational - Normal,True,True,0.4,True,True,NORMAL - behavior appears normal,claude,False,0.6,False,True,"# ğŸ” Waveform Analysis Report

## Overview
Analyzing waveform data for a simple AND gate implementation with 2 inputs (a, b) and 1 output (out).

**Overall Assessment: âœ… PASS**
Confidence Level: 95%

## Detailed Analysis

### 1. Signal Integrity Analysis
- âœ… All signals properly initialized to 0 at t=0
- âœ… No X or Z states detected
- âœ… Clean transitions observed at 10ns intervals
- âœ… No glitches or spurious transitions
Confidence Level: 100%

### 2. Timing Analysis
- âœ… Signal transitions aligned ","# ğŸ” Waveform Analysis Report

## Overview
Analyzing waveform data for a simple AND gate implementation with 2 inputs (a, b) and 1 output (out).

**Overall Assessment: âœ… PASS**
Confidence Level: 95%

## Detailed Analysis

### 1. Signal Integrity Analysis
- âœ… All signals properly initialized to 0 at t=0
- âœ… No X or Z states detected
- âœ… Clean transitions observed at 10ns intervals
- âœ… No glitches or spurious transitions
Confidence Level: 100%

### 2. Timing Analysis
- âœ… Signal transitions aligned at consistent 10ns boundaries
- â„¹ï¸ No clock signal present (combinational logic)
- âœ… No setup/hold concerns (pure combinational)
Confidence Level: 100%

### 3. Functional Verification
```
Time(ns) | a | b | out | Expected | Status
0        | 0 | 0 | 0   | 0        | âœ“
10       | 0 | 1 | 0   | 0        | âœ“
20       | 1 | 0 | 0   | 0        | âœ“
30       | 1 | 1 | 1   | 1        | âœ“
```
- âœ… All output values match AND gate truth table
- âœ… All input combinations tested
Confidence Level: 100%

### 4.",1.5,10.876660585403442,12.376660585403442
2-Input OR,Combinational - Normal,True,True,0.4,True,True,NORMAL - behavior appears normal,gpt-4o,False,0.7,False,True,"# Verilog Simulation Waveform Analysis Report

## ğŸ“ Overview

This report analyzes the provided Verilog simulation waveform data against the `or_gate` module implementation. The goal is to identify potential issues or areas of concern using a comprehensive analysis checklist.

### **Overall Assessment: PASS**

The waveform data appears consistent with the expected behavior of the `or_gate` module. However, minor observations and recommendations are noted for best practices.

---

## ğŸ” Signal Int","# Verilog Simulation Waveform Analysis Report

## ğŸ“ Overview

This report analyzes the provided Verilog simulation waveform data against the `or_gate` module implementation. The goal is to identify potential issues or areas of concern using a comprehensive analysis checklist.

### **Overall Assessment: PASS**

The waveform data appears consistent with the expected behavior of the `or_gate` module. However, minor observations and recommendations are noted for best practices.

---

## ğŸ” Signal Integrity Issues

- **Uninitialized Signals**: No uninitialized signals (`x` or `z` values) are present in the waveform data.
- **Signal Stability Problems**: Signals appear stable between transitions. No unexpected oscillations detected.
- **Unexpected Transitions**: All transitions are as expected for an OR gate.
- **Drive Conflicts**: No drive conflicts are observed.

**Confidence Level**: High

---

## â° Timing Analysis

- **Setup/Hold Violations**: Not applicable, as there are no clocked eleme",1.5,17.13111138343811,18.63111138343811
2-Input OR,Combinational - Normal,True,True,0.4,True,True,NORMAL - behavior appears normal,claude,False,0.6,False,True,"# ğŸ” Waveform Analysis Report

## Overall Assessment: âœ… PASS
Confidence Level: 95%

## 1. Signal Integrity Analysis
### Findings:
- âœ… All signals show clean transitions (0/1 only, no X/Z states)
- âœ… No glitches or spurious transitions observed
- âœ… Signal values are stable between transitions
- âœ… No drive conflicts detected

Confidence Level: 100%

## 2. Timing Analysis
### Findings:
- âœ… Transitions occur at 10ns intervals
- â„¹ï¸ Being a combinational circuit, no clock-related issues apply
- âœ… No ob","# ğŸ” Waveform Analysis Report

## Overall Assessment: âœ… PASS
Confidence Level: 95%

## 1. Signal Integrity Analysis
### Findings:
- âœ… All signals show clean transitions (0/1 only, no X/Z states)
- âœ… No glitches or spurious transitions observed
- âœ… Signal values are stable between transitions
- âœ… No drive conflicts detected

Confidence Level: 100%

## 2. Timing Analysis
### Findings:
- âœ… Transitions occur at 10ns intervals
- â„¹ï¸ Being a combinational circuit, no clock-related issues apply
- âœ… No observable propagation delay issues in the data
- âœ… Clean synchronous transitions at measurement points

Confidence Level: 90%

## 3. Functional Verification
### Truth Table Verification:
```
Time(ns) | a | b | out | Expected | Status
0        | 0 | 0 | 0   | 0        | âœ…
10       | 0 | 1 | 1   | 1        | âœ…
20       | 1 | 0 | 1   | 1        | âœ…
30       | 1 | 1 | 1   | 1        | âœ…
```
- âœ… All OR gate truth table combinations verified
- âœ… Output behavior matches expected OR gate functionality
- ",1.5,10.419663429260254,11.919663429260254
2-Input XOR,Combinational - Normal,True,True,0.4,True,True,NORMAL - behavior appears normal,gpt-4o,,0.0,,True,"# Analysis Report for Verilog Simulation Waveform Data

## Overall Assessment: âš ï¸ WARNING

### Summary:
The analysis of the waveform data in conjunction with the provided Verilog code suggests a potential functional discrepancy between the expected and actual behavior of the XOR gate. Specific issues have been identified with timestamps, and recommendations are provided to address these findings.

---

## 1. ğŸ” Signal Integrity Issues

### Findings:
- **Uninitialized Signals**: No uninitialized s","# Analysis Report for Verilog Simulation Waveform Data

## Overall Assessment: âš ï¸ WARNING

### Summary:
The analysis of the waveform data in conjunction with the provided Verilog code suggests a potential functional discrepancy between the expected and actual behavior of the XOR gate. Specific issues have been identified with timestamps, and recommendations are provided to address these findings.

---

## 1. ğŸ” Signal Integrity Issues

### Findings:
- **Uninitialized Signals**: No uninitialized signals (x or z values) were observed in the waveform data.
- **Signal Stability**: No unexpected signal transitions were detected that would suggest instability.
- **Drive Conflicts**: No conflicts were identified as each signal maintained consistent logic levels.

### Confidence Level: High

### Recommendations:
- Ensure proper initialization of signals in the testbench to avoid x or z states in more complex simulations.

---

## 2. â° Timing Analysis

### Findings:
- **Setup/Hold Violations**: ",1.5,11.36212944984436,12.86212944984436
2-Input XOR,Combinational - Normal,True,True,0.4,True,True,NORMAL - behavior appears normal,claude,,0.0,,True,"# XOR Gate Waveform Analysis Report ğŸ”

## Overall Assessment: âœ… PASS
Confidence Level: 95%

## 1. Signal Integrity Analysis ğŸŒŠ
- âœ… All signals show clean transitions between 0 and 1
- âœ… No uninitialized (x) or high-impedance (z) states detected
- âœ… No glitches or ringing observed
- âœ… Proper signal initialization at t=0

Confidence Level: 100%

## 2. Timing Analysis â°
- âœ… No clock signals present (combinational logic only)
- âœ… Transitions occur at 10ns intervals
- âœ… No setup/hold concerns (purely ","# XOR Gate Waveform Analysis Report ğŸ”

## Overall Assessment: âœ… PASS
Confidence Level: 95%

## 1. Signal Integrity Analysis ğŸŒŠ
- âœ… All signals show clean transitions between 0 and 1
- âœ… No uninitialized (x) or high-impedance (z) states detected
- âœ… No glitches or ringing observed
- âœ… Proper signal initialization at t=0

Confidence Level: 100%

## 2. Timing Analysis â°
- âœ… No clock signals present (combinational logic only)
- âœ… Transitions occur at 10ns intervals
- âœ… No setup/hold concerns (purely combinational)

Confidence Level: 100%

## 3. Functional Verification ğŸ¯
### Truth Table Verification:
```
Time(ns) | a | b | out | Expected | Status
0        | 0 | 0 | 0   | 0        | âœ…
10       | 0 | 1 | 1   | 1        | âœ…
20       | 1 | 0 | 1   | 1        | âœ…
30       | 1 | 1 | 0   | 0        | âœ…
```
- âœ… All XOR truth table combinations tested
- âœ… All outputs match expected XOR behavior
- âœ… Complete coverage of input combinations

Confidence Level: 100%

## 4. Design-Specific Analysis ğŸ“Š
### X",1.5,10.066043853759766,11.566043853759766
NOT Gate,Combinational - Normal,True,True,0.4,True,True,NORMAL - behavior appears normal,gpt-4o,False,0.6,False,True,"# Verilog Simulation Waveform Analysis Report

## Overview
This report analyzes the provided Verilog simulation waveform data for a simple NOT gate module. The goal is to identify any potential issues using a comprehensive analysis checklist.

## 1. ğŸ” Signal Integrity Issues

- **Uninitialized Signals**:  
  No uninitialized signals (x or z values) were observed in the waveform. Both signals `a` and `out` have defined values at all timestamps.

- **Signal Stability Problems**:  
  No oscillation","# Verilog Simulation Waveform Analysis Report

## Overview
This report analyzes the provided Verilog simulation waveform data for a simple NOT gate module. The goal is to identify any potential issues using a comprehensive analysis checklist.

## 1. ğŸ” Signal Integrity Issues

- **Uninitialized Signals**:  
  No uninitialized signals (x or z values) were observed in the waveform. Both signals `a` and `out` have defined values at all timestamps.

- **Signal Stability Problems**:  
  No oscillations or unexpected signal transitions were detected. The signals transition in a stable manner.

- **Unexpected Transitions**:  
  The transitions observed are as follows:
  - At `0 ns`, `a=0` and `out=1`, which is expected as `out = ~a`.
  - At `10000 ns`, `a` transitions to `1` and `out` transitions to `0`, consistent with the NOT gate behavior.
  - At `20000 ns`, `a` transitions back to `0` and `out` returns to `1`.

- **Drive Conflicts**:  
  No drive conflicts were detected, as there is a clea",1.5,18.721481800079346,20.221481800079346
NOT Gate,Combinational - Normal,True,True,0.4,True,True,NORMAL - behavior appears normal,claude,False,0.6,False,True,"# ğŸ” NOT Gate Waveform Analysis Report

## ğŸ“Š Overview
Analyzing waveform data for a NOT gate implementation with 3 transitions over 20000ns period.

## ğŸ¯ Functional Analysis

### Logic Verification
- âœ… NOT gate behavior is correct (100% confidence)
  - When a=0, out=1
  - When a=1, out=0
  - All transitions follow expected inverse relationship

### Signal Transitions
```
t=0ns:    a=0 â†’ out=1  âœ“
t=10000ns: a=1 â†’ out=0  âœ“
t=20000ns: a=0 â†’ out=1  âœ“
```

## â° Timing Analysis

### Observations
- Tran","# ğŸ” NOT Gate Waveform Analysis Report

## ğŸ“Š Overview
Analyzing waveform data for a NOT gate implementation with 3 transitions over 20000ns period.

## ğŸ¯ Functional Analysis

### Logic Verification
- âœ… NOT gate behavior is correct (100% confidence)
  - When a=0, out=1
  - When a=1, out=0
  - All transitions follow expected inverse relationship

### Signal Transitions
```
t=0ns:    a=0 â†’ out=1  âœ“
t=10000ns: a=1 â†’ out=0  âœ“
t=20000ns: a=0 â†’ out=1  âœ“
```

## â° Timing Analysis

### Observations
- Transitions appear instantaneous (as expected for simulation of simple combinational logic)
- No clock-related concerns (design is purely combinational)
- Propagation delay not visible in provided resolution

## ğŸš¨ Issues Assessment

### No Critical Issues Found
- No uninitialized signals (x/z values)
- No drive conflicts
- No combinational loops
- No timing violations for combinational path

## ğŸ“‹ Design-Specific Verification

### Implementation Check
- Code matches typical NOT gate implementation
- ",1.5,8.654794216156006,10.154794216156006
2-Input NAND,Combinational - Normal,True,True,0.4,True,True,NORMAL - behavior appears normal,gpt-4o,False,0.6,False,True,"# Verilog Simulation Waveform Analysis Report

## ğŸ“‹ Overview

This report analyzes the provided Verilog simulation waveform data and compares it with the expected functionality of a NAND gate as defined in the design code context. The assessment focuses on identifying potential issues across signal integrity, timing analysis, functional verification, and other critical aspects.

---

## 1. ğŸ” Signal Integrity Issues

### Observations
- **Uninitialized Signals**: No uninitialized signals (x or z v","# Verilog Simulation Waveform Analysis Report

## ğŸ“‹ Overview

This report analyzes the provided Verilog simulation waveform data and compares it with the expected functionality of a NAND gate as defined in the design code context. The assessment focuses on identifying potential issues across signal integrity, timing analysis, functional verification, and other critical aspects.

---

## 1. ğŸ” Signal Integrity Issues

### Observations
- **Uninitialized Signals**: No uninitialized signals (x or z values) are present in the waveform data.
- **Signal Stability**: All signals appear stable with expected transitions.
- **Unexpected Transitions**: Signal transitions are consistent with the expected behavior of a NAND gate.
- **Drive Conflicts**: No drive conflicts detected.

### Assessment
- **Confidence**: High
- **Status**: PASS

---

## 2. â° Timing Analysis

### Observations
- **Setup/Hold Violations**: Not applicable as there are no clocked elements in the provided context.
- **Clock Domai",1.5,8.069212436676025,9.569212436676025
2-Input NAND,Combinational - Normal,True,True,0.4,True,True,NORMAL - behavior appears normal,claude,False,0.6,False,True,"# ğŸ” NAND Gate Waveform Analysis Report

## ğŸ“Š Overall Assessment: PASS
The waveform data shows correct NAND gate functionality with stable signals and expected behavior.

## ğŸ” Detailed Analysis

### 1. Signal Integrity Analysis
- âœ… All signals (a, b, out) show clean binary values (0,1)
- âœ… No uninitialized signals (x, z) detected
- âœ… No glitches or unstable transitions observed
- **Confidence Level**: 100%

### 2. Functional Verification
#### Truth Table Verification:
```
Time(ns) | a | b | out |","# ğŸ” NAND Gate Waveform Analysis Report

## ğŸ“Š Overall Assessment: PASS
The waveform data shows correct NAND gate functionality with stable signals and expected behavior.

## ğŸ” Detailed Analysis

### 1. Signal Integrity Analysis
- âœ… All signals (a, b, out) show clean binary values (0,1)
- âœ… No uninitialized signals (x, z) detected
- âœ… No glitches or unstable transitions observed
- **Confidence Level**: 100%

### 2. Functional Verification
#### Truth Table Verification:
```
Time(ns) | a | b | out | Expected | Status
0        | 0 | 0 | 1   | 1        | âœ“
10       | 0 | 1 | 1   | 1        | âœ“
20       | 1 | 0 | 1   | 1        | âœ“
30       | 1 | 1 | 0   | 0        | âœ“
```
- âœ… All output values match NAND gate truth table
- âœ… Transitions occur as expected for input combinations
- **Confidence Level**: 100%

### 3. Timing Analysis
- âœ… Signal transitions aligned at 10ns intervals
- âœ… No setup/hold concerns (combinational logic)
- âœ… Zero-delay model appropriate for this design
- **Confidence Lev",1.5,9.988919973373413,11.488919973373413
2-Input NOR,Combinational - Normal,True,True,0.4,True,True,NORMAL - behavior appears normal,gpt-4o,False,0.6,False,True,"# Verilog Simulation Waveform Analysis Report

## Overview
This report analyzes the provided Verilog simulation waveform data against the design code of a NOR gate to identify potential issues.

### Design Code Context
```verilog
`timescale 1ns/1ps
module nor_gate(input wire a, b, output wire out);
assign out = ~(a | b);
endmodule
```

### Waveform Data
```
timestamp,signal,value
0,a,0
0,b,0
0,out,1
10000,a,0
10000,b,1
10000,out,0
20000,a,1
20000,b,0
20000,out,0
30000,a,1
30000,b,1
30000,out,0
`","# Verilog Simulation Waveform Analysis Report

## Overview
This report analyzes the provided Verilog simulation waveform data against the design code of a NOR gate to identify potential issues.

### Design Code Context
```verilog
`timescale 1ns/1ps
module nor_gate(input wire a, b, output wire out);
assign out = ~(a | b);
endmodule
```

### Waveform Data
```
timestamp,signal,value
0,a,0
0,b,0
0,out,1
10000,a,0
10000,b,1
10000,out,0
20000,a,1
20000,b,0
20000,out,0
30000,a,1
30000,b,1
30000,out,0
```

## Analysis

### 1. ğŸ” Signal Integrity Issues
- **Uninitialized Signals**: No uninitialized signals (x or z) are present in the data.
- **Signal Stability**: Signals appear stable without unexpected transitions.
- **Unexpected Transitions**: All transitions for `out` are consistent with the NOR logic function.
- **Drive Conflicts**: No evidence of drive conflicts is observed.

**Confidence Level**: High

### 2. â° Timing Analysis
- **Setup/Hold Violations**: Not applicable as there are no clo",1.5,16.191165685653687,17.691165685653687
2-Input NOR,Combinational - Normal,True,True,0.4,True,True,NORMAL - behavior appears normal,claude,,0.0,,True,"# NOR Gate Waveform Analysis Report ğŸ”

## Overall Assessment: âš ï¸ WARNING

### 1. Signal Integrity Analysis ğŸŒŠ
- **Finding (High Confidence)**: Initial output value appears incorrect
  - At t=0, out=1 with a=0, b=0 is correct for NOR gate
  - No X or Z values detected
  - No signal stability issues observed
  - Clean transitions at all timestamps

### 2. Timing Analysis â°
- **Finding (High Confidence)**: No timing issues detected
  - Clean transitions at 10ns intervals
  - No clock-dependent behav","# NOR Gate Waveform Analysis Report ğŸ”

## Overall Assessment: âš ï¸ WARNING

### 1. Signal Integrity Analysis ğŸŒŠ
- **Finding (High Confidence)**: Initial output value appears incorrect
  - At t=0, out=1 with a=0, b=0 is correct for NOR gate
  - No X or Z values detected
  - No signal stability issues observed
  - Clean transitions at all timestamps

### 2. Timing Analysis â°
- **Finding (High Confidence)**: No timing issues detected
  - Clean transitions at 10ns intervals
  - No clock-dependent behavior (combinational logic)
  - No setup/hold concerns (asynchronous design)

### 3. Functional Verification âœ…
**Truth Table Verification:**
```
Time(ns) | a | b | out | Expected | Status
0        | 0 | 0 | 1   | 1        | âœ“ PASS
10       | 0 | 1 | 0   | 0        | âœ“ PASS
20       | 1 | 0 | 0   | 0        | âœ“ PASS
30       | 1 | 1 | 0   | 0        | âœ“ PASS
```
- All NOR gate output combinations verified correctly
- Complete coverage of input combinations achieved

### 4. Critical Issues ğŸš¨
- No cr",1.5,12.428284645080566,13.928284645080566
3-Input AND,Combinational - Normal,True,True,0.4,True,True,NORMAL - behavior appears normal,gpt-4o,False,0.5,False,True,"# Verilog Simulation Waveform Analysis Report

## Overview

This report analyzes the provided Verilog simulation waveform data in conjunction with the supplied Verilog design code. The analysis is structured using the comprehensive checklist to identify potential issues and provide actionable recommendations.

---

## 1. ğŸ” Signal Integrity Issues

- **Uninitialized Signals**: None detected; all signals are initialized from timestamp 0ns.
- **Signal Stability**: Signals remain stable between tran","# Verilog Simulation Waveform Analysis Report

## Overview

This report analyzes the provided Verilog simulation waveform data in conjunction with the supplied Verilog design code. The analysis is structured using the comprehensive checklist to identify potential issues and provide actionable recommendations.

---

## 1. ğŸ” Signal Integrity Issues

- **Uninitialized Signals**: None detected; all signals are initialized from timestamp 0ns.
- **Signal Stability**: Signals remain stable between transitions; no unexpected glitches observed.
- **Unexpected Transitions**: None detected; transitions appear as expected based on input changes.
- **Drive Conflicts**: Not applicable; no indications of conflicting drivers in the provided data.

**Confidence Level**: High

---

## 2. â° Timing Analysis

- **Setup/Hold Violations**: Not applicable; no clock signals or edge-triggered elements in the design.
- **Clock Domain Issues**: Not applicable; single domain with no clock signals present.
- **Race",1.5,7.7742040157318115,9.274204015731812
3-Input AND,Combinational - Normal,True,True,0.4,True,True,NORMAL - behavior appears normal,claude,False,0.5,False,True,"# ğŸ” Waveform Analysis Report

## ğŸ“Š Overall Assessment
**PASS** (Confidence Level: 95%)

The waveform shows correct logical behavior for a 3-input AND gate implementation with no critical issues detected.

## ğŸ”¬ Detailed Analysis

### 1. Signal Integrity Review
âœ… **All Signals Well-Defined** (Confidence: 100%)
- No X or Z states observed
- All signals show clean transitions
- No drive conflicts detected

### 2. Timing Analysis
âœ… **Timing Behavior** (Confidence: 90%)
- Transitions occur at 10ns int","# ğŸ” Waveform Analysis Report

## ğŸ“Š Overall Assessment
**PASS** (Confidence Level: 95%)

The waveform shows correct logical behavior for a 3-input AND gate implementation with no critical issues detected.

## ğŸ”¬ Detailed Analysis

### 1. Signal Integrity Review
âœ… **All Signals Well-Defined** (Confidence: 100%)
- No X or Z states observed
- All signals show clean transitions
- No drive conflicts detected

### 2. Timing Analysis
âœ… **Timing Behavior** (Confidence: 90%)
- Transitions occur at 10ns intervals
- No setup/hold concerns (combinational logic)
- Zero-delay model apparent in implementation
- Simultaneous input transitions at 10ns and 20ns

### 3. Functional Verification
âœ… **Logic Verification** (Confidence: 100%)
```
t=0ns:    a=0, b=0, c=0 â†’ out=0  âœ“
t=10ns:   a=1, b=1, c=0 â†’ out=0  âœ“
t=20ns:   a=1, b=1, c=1 â†’ out=1  âœ“
```
- All output values match expected AND3 behavior
- Truth table coverage is partial but valid

### 4. Design-Specific Analysis
âœ… **Implementation Check** (Confide",1.5,11.08507227897644,12.58507227897644
2:1 Mux,Combinational - Normal,True,True,0.4,True,True,NORMAL - behavior appears normal,gpt-4o,True,0.6,True,True,"# Verilog Simulation Waveform Analysis Report

## ğŸ” Signal Integrity Issues

### Observations
- **Uninitialized Signals**: No 'x' or 'z' values detected in the waveform data. All signals are either '0' or '1'.
- **Signal Stability Problems**: Signals `a`, `b`, `sel`, and `out` show stable transitions with no glitches.
- **Unexpected Transitions**: The `out` signal transitions do not match the expected behavior based on the design code at certain timestamps.
- **Drive Conflicts**: No drive confli","# Verilog Simulation Waveform Analysis Report

## ğŸ” Signal Integrity Issues

### Observations
- **Uninitialized Signals**: No 'x' or 'z' values detected in the waveform data. All signals are either '0' or '1'.
- **Signal Stability Problems**: Signals `a`, `b`, `sel`, and `out` show stable transitions with no glitches.
- **Unexpected Transitions**: The `out` signal transitions do not match the expected behavior based on the design code at certain timestamps.
- **Drive Conflicts**: No drive conflicts detected.

### Assessment
- **Confidence**: High
- **Issues Found**: Yes, unexpected transition of `out`.
- **Timestamps**: 
  - **20000 ns**: `out` is `1` when it should be `0`.
  - **30000 ns**: `out` is `0` when it should be `0`.

## â° Timing Analysis

### Observations
- **Setup/Hold Violations**: Not applicable as no clock signals are present.
- **Clock Domain Issues**: Not applicable.
- **Race Conditions**: None detected.
- **Clock-to-Output Delays**: Not applicable.

### Assessment
- *",1.5,11.420446157455444,12.920446157455444
2:1 Mux,Combinational - Normal,True,True,0.4,True,True,NORMAL - behavior appears normal,claude,,0.0,,True,"# ğŸ” Multiplexer Waveform Analysis Report

## ğŸ“Š Overall Assessment
**STATUS: FAIL** (Due to functional mismatch with design specification)

## ğŸ¯ Detailed Analysis

### 1. Signal Integrity
- âœ… No uninitialized signals (x/z) detected
- âœ… All signals show clean transitions
- âœ… No drive conflicts observed
- **Confidence Level: HIGH (100%)**

### 2. Timing Analysis
- âœ… Signal transitions occur at consistent 10000ns intervals
- âœ… No clock signals present (combinational design)
- âœ… No setup/hold concern","# ğŸ” Multiplexer Waveform Analysis Report

## ğŸ“Š Overall Assessment
**STATUS: FAIL** (Due to functional mismatch with design specification)

## ğŸ¯ Detailed Analysis

### 1. Signal Integrity
- âœ… No uninitialized signals (x/z) detected
- âœ… All signals show clean transitions
- âœ… No drive conflicts observed
- **Confidence Level: HIGH (100%)**

### 2. Timing Analysis
- âœ… Signal transitions occur at consistent 10000ns intervals
- âœ… No clock signals present (combinational design)
- âœ… No setup/hold concerns (asynchronous design)
- **Confidence Level: HIGH (100%)**

### 3. Functional Verification
#### ğŸš¨ CRITICAL ISSUE DETECTED
The mux behavior doesn't match the design specification:

```verilog
assign out = sel ? b : a;  // When sel=1, should select b
```

Observed Issues:
| Time (ns) | sel | a | b | Expected out | Actual out | Status |
|-----------|-----|---|---|--------------|------------|---------|
| 20000 | 0 | 1 | 0 | 1 | 1 | âœ… |
| 30000 | 1 | 1 | 0 | 0 | 0 | âœ… |
| 10000 | 1 | 0 | 1 | 1 | 1 |",1.5,11.431195974349976,12.931195974349976
Stuck AND (always 0),Combinational - Buggy,False,False,0.9,True,True,ANOMALOUS - output 'out' stuck at 0,gpt-4o,True,0.6,False,True,"# Verilog Simulation Waveform Analysis Report

## Overall Assessment: ğŸ” **FAIL**

### Summary:
The provided waveform data and Verilog code have been analyzed against the comprehensive checklist. The code implementation does not match the expected functionality due to hardcoded output logic, resulting in continuous incorrect behavior.

---

## 1. ğŸ” Signal Integrity Issues

- **Uninitialized Signals**: No uninitialized signals (`x` or `z`) are observed in the waveform data.
- **Signal Stability**:","# Verilog Simulation Waveform Analysis Report

## Overall Assessment: ğŸ” **FAIL**

### Summary:
The provided waveform data and Verilog code have been analyzed against the comprehensive checklist. The code implementation does not match the expected functionality due to hardcoded output logic, resulting in continuous incorrect behavior.

---

## 1. ğŸ” Signal Integrity Issues

- **Uninitialized Signals**: No uninitialized signals (`x` or `z`) are observed in the waveform data.
- **Signal Stability**: Signals `a` and `b` exhibit stable transitions with no unexpected fluctuations.
- **Unexpected Transitions**: No unexpected transitions detected; the transitions for signals `a` and `b` are as expected.
- **Drive Conflicts**: No drive conflicts are evident from the waveform data.

**Confidence Level**: High

---

## 2. â° Timing Analysis

- **Setup/Hold Violations**: Not applicable as there are no clock-based operations in the provided data.
- **Clock Domain Issues**: Not applicable since no clo",1.5,12.14098834991455,13.64098834991455
Stuck AND (always 0),Combinational - Buggy,False,False,0.9,True,True,ANOMALOUS - output 'out' stuck at 0,claude,True,0.7,False,True,"# ğŸ” Waveform Analysis Report

## ğŸ“‹ Overview
Analyzing waveform data for a 2-input AND gate implementation that appears to have design issues.

## ğŸ¯ Overall Assessment
**FAIL** (High Confidence)

## ğŸ”¬ Detailed Analysis

### 1. Signal Integrity
- âœ… No uninitialized signals detected
- âœ… Signals show clean transitions
- âœ… No drive conflicts observed
- **Confidence: 100%**

### 2. Timing Analysis
- âœ… Consistent 10ns intervals between transitions
- âœ… No setup/hold violations apparent
- âœ… No clock doma","# ğŸ” Waveform Analysis Report

## ğŸ“‹ Overview
Analyzing waveform data for a 2-input AND gate implementation that appears to have design issues.

## ğŸ¯ Overall Assessment
**FAIL** (High Confidence)

## ğŸ”¬ Detailed Analysis

### 1. Signal Integrity
- âœ… No uninitialized signals detected
- âœ… Signals show clean transitions
- âœ… No drive conflicts observed
- **Confidence: 100%**

### 2. Timing Analysis
- âœ… Consistent 10ns intervals between transitions
- âœ… No setup/hold violations apparent
- âœ… No clock domain concerns (combinational logic)
- **Confidence: 100%**

### 3. Functional Verification (Critical Issue)
- âŒ **Major Issue**: Output permanently stuck at 0
- Expected AND gate truth table:
  ```
  a b | out
  0 0 | 0  âœ“
  0 1 | 0  âœ“
  1 0 | 0  âœ“
  1 1 | 1  âŒ (Fails at t=30000)
  ```
- **Confidence: 100%**

### 4. Design Implementation Analysis
- âŒ Code shows intentional design flaw: `assign out = 1'b0;`
- Implementation does not match AND gate specification
- All test vectors demonstrate incorr",1.5,10.970643520355225,12.470643520355225
Stuck AND (always 1),Combinational - Buggy,False,False,0.9,True,True,ANOMALOUS - output 'out' stuck at 1,gpt-4o,True,0.9,False,True,"# Verilog Simulation Waveform Analysis Report

## Overview
This report provides a structured analysis of the provided Verilog simulation waveform data based on a comprehensive checklist. The aim is to identify any potential issues within the waveform and the design code context.

## Analysis Sections

### 1. ğŸ” Signal Integrity Issues

**Observations:**
- **Uninitialized Signals**: No uninitialized signals (x or z values) are present.
- **Signal Stability**: All signals are stable; no unexpected ","# Verilog Simulation Waveform Analysis Report

## Overview
This report provides a structured analysis of the provided Verilog simulation waveform data based on a comprehensive checklist. The aim is to identify any potential issues within the waveform and the design code context.

## Analysis Sections

### 1. ğŸ” Signal Integrity Issues

**Observations:**
- **Uninitialized Signals**: No uninitialized signals (x or z values) are present.
- **Signal Stability**: All signals are stable; no unexpected transitions are observed.
- **Unexpected Transitions**: The output signal `out` remains constantly `1` regardless of changes in `a` and `b`.
- **Drive Conflicts**: No drive conflicts are detected.

**Confidence Level**: High

### 2. â° Timing Analysis

**Observations:**
- **Setup/Hold Violations**: Not applicable as no clock is involved in the design.
- **Clock Domain Issues**: Not applicable as there is no clock domain crossing.
- **Race Conditions**: None detected due to the lack of sequential ",1.5,12.932692766189575,14.432692766189575
Stuck AND (always 1),Combinational - Buggy,False,False,0.9,True,True,ANOMALOUS - output 'out' stuck at 1,claude,True,0.6,False,True,"# ğŸ” Waveform Analysis Report

## ğŸ“Š Overview
**ASSESSMENT: FAIL** (High Confidence)

The waveform analysis reveals a critical functional mismatch between the implementation and expected AND gate behavior.

## ğŸ¯ Detailed Findings

### 1. Functional Verification Issues
- **Critical Issue** (100% Confidence)
  - The output 'out' remains constant at 1 regardless of input combinations
  - Expected AND gate behavior is not implemented
  - Root cause: `assign out = 1'b1;` hardcodes output to 1
  
```
Ti","# ğŸ” Waveform Analysis Report

## ğŸ“Š Overview
**ASSESSMENT: FAIL** (High Confidence)

The waveform analysis reveals a critical functional mismatch between the implementation and expected AND gate behavior.

## ğŸ¯ Detailed Findings

### 1. Functional Verification Issues
- **Critical Issue** (100% Confidence)
  - The output 'out' remains constant at 1 regardless of input combinations
  - Expected AND gate behavior is not implemented
  - Root cause: `assign out = 1'b1;` hardcodes output to 1
  
```
Timestamp | a | b | out | Expected out
0ns       | 0 | 0 | 1   | 0
10ns      | 0 | 1 | 1   | 0
20ns      | 1 | 0 | 1   | 0
30ns      | 1 | 1 | 1   | 1
```

### 2. Design Implementation Analysis
- **Code Issue** (100% Confidence)
  - Module name ""bad_and2"" suggests AND gate functionality
  - Implementation completely ignores input signals a and b
  - No actual logic computation performed

### 3. Signal Integrity
- **Clean Signals** (100% Confidence)
  - No uninitialized values (x/z) observed
  - Cl",1.5,10.914161443710327,12.414161443710327
Inverted AND (NAND),Combinational - Buggy,False,True,0.4,False,True,NORMAL - behavior appears normal,gpt-4o,False,0.6,True,True,"# Verilog Simulation Waveform Analysis Report

## Overview
This analysis focuses on the given Verilog simulation waveform data and the `bad_and3` module design. The module is expected to function as a NOR gate, given the `~(a & b)` logic. The purpose is to identify any potential issues in the waveform data and assess the design's functionality.

## ğŸ” Signal Integrity Issues

- **Uninitialized Signals**: No uninitialized signals (x or z values) are present in the waveform data.
- **Signal Stabili","# Verilog Simulation Waveform Analysis Report

## Overview
This analysis focuses on the given Verilog simulation waveform data and the `bad_and3` module design. The module is expected to function as a NOR gate, given the `~(a & b)` logic. The purpose is to identify any potential issues in the waveform data and assess the design's functionality.

## ğŸ” Signal Integrity Issues

- **Uninitialized Signals**: No uninitialized signals (x or z values) are present in the waveform data.
- **Signal Stability Problems**: Signals `a`, `b`, and `out` maintain stable values without unexpected rapid transitions.
- **Unexpected Transitions**: The transitions follow the expected logic of the NOR operation.
- **Drive Conflicts**: None observed. The signals appear to be driven correctly.

**Confidence Level**: High

## â° Timing Analysis

- **Setup/Hold Violations**: No clock signals are provided, so specific setup/hold analysis is not applicable.
- **Clock Domain Issues**: Not applicable due to lack of cl",1.5,9.037410497665405,10.537410497665405
Inverted AND (NAND),Combinational - Buggy,False,True,0.4,False,True,NORMAL - behavior appears normal,claude,True,0.7,False,True,"# Waveform Analysis Report ğŸ”

## Executive Summary
**Overall Assessment: âŒ FAIL**
Confidence Level: 99%

The waveform shows a critical functional mismatch between the expected behavior of an AND gate and the actual implementation.

## Detailed Analysis

### 1. Signal Integrity Issues ğŸŒŠ
- **Findings**: No signal integrity issues detected
- **Confidence**: 100%
- All signals show clean transitions between 0 and 1
- No X or Z states observed

### 2. Timing Analysis â°
- **Findings**: No timing viola","# Waveform Analysis Report ğŸ”

## Executive Summary
**Overall Assessment: âŒ FAIL**
Confidence Level: 99%

The waveform shows a critical functional mismatch between the expected behavior of an AND gate and the actual implementation.

## Detailed Analysis

### 1. Signal Integrity Issues ğŸŒŠ
- **Findings**: No signal integrity issues detected
- **Confidence**: 100%
- All signals show clean transitions between 0 and 1
- No X or Z states observed

### 2. Timing Analysis â°
- **Findings**: No timing violations detected
- **Confidence**: 95%
- Clean transitions at 10ns intervals
- No glitches or race conditions observed

### 3. Functional Verification ğŸ¯
**CRITICAL ISSUE DETECTED**
- The module is implementing NAND (~(a & b)) instead of AND (a & b)
- Truth table comparison:
```
Time(ns)  a  b  out  Expected
0         0  0   1      0    âŒ
10        0  1   1      0    âŒ
20        1  0   1      0    âŒ
30        1  1   0      1    âŒ
```
- All outputs are inverted from expected AND gate behavior
- Conf",1.5,11.885262489318848,13.385262489318848
Wrong OR (acts like AND),Combinational - Buggy,False,True,0.4,False,True,NORMAL - behavior appears normal,gpt-4o,True,0.6,False,True,"# Verilog Simulation Waveform Analysis Report

## Overview
This report analyzes the provided waveform data against a Verilog module (`bad_or`) to identify any potential issues. The module is designed to perform an AND operation but is named misleadingly as `bad_or`.

---

## 1. ğŸ” Signal Integrity Issues

### Analysis
- **Uninitialized Signals**: No `x` or `z` values are present in the waveform data, indicating all signals are initialized.
- **Signal Stability**: All signal transitions are clean ","# Verilog Simulation Waveform Analysis Report

## Overview
This report analyzes the provided waveform data against a Verilog module (`bad_or`) to identify any potential issues. The module is designed to perform an AND operation but is named misleadingly as `bad_or`.

---

## 1. ğŸ” Signal Integrity Issues

### Analysis
- **Uninitialized Signals**: No `x` or `z` values are present in the waveform data, indicating all signals are initialized.
- **Signal Stability**: All signal transitions are clean with no unexpected glitches.
- **Unexpected Transitions**: Transitions occur as expected for the given logic.
- **Drive Conflicts**: No evidence of drive conflicts is observed from the waveform data.

### Confidence Level
- **High**: The absence of any uninitialized signals or unexpected transitions is clear from the waveform.

---

## 2. â° Timing Analysis

### Analysis
- **Setup/Hold Violations**: Not applicable as no clock information is provided.
- **Clock Domain Issues**: Not applicable as i",1.5,17.63405418395996,19.13405418395996
Wrong OR (acts like AND),Combinational - Buggy,False,True,0.4,False,True,NORMAL - behavior appears normal,claude,False,0.6,True,True,"# Waveform Analysis Report ğŸ“Š

## Overall Assessment: âŒ FAIL

### 1. Signal Integrity Issues ğŸ”
- **Status**: âœ… PASS
- **Confidence**: 100%
- **Findings**:
  - All signals show clean transitions
  - No uninitialized values (x/z) detected
  - No drive conflicts observed

### 2. Timing Analysis â°
- **Status**: âœ… PASS
- **Confidence**: 100%
- **Findings**:
  - Transitions occur at expected 10ns intervals
  - No clock domain issues (combinational logic)
  - No setup/hold concerns (asynchronous design)","# Waveform Analysis Report ğŸ“Š

## Overall Assessment: âŒ FAIL

### 1. Signal Integrity Issues ğŸ”
- **Status**: âœ… PASS
- **Confidence**: 100%
- **Findings**:
  - All signals show clean transitions
  - No uninitialized values (x/z) detected
  - No drive conflicts observed

### 2. Timing Analysis â°
- **Status**: âœ… PASS
- **Confidence**: 100%
- **Findings**:
  - Transitions occur at expected 10ns intervals
  - No clock domain issues (combinational logic)
  - No setup/hold concerns (asynchronous design)

### 3. Functional Verification ğŸ¯
- **Status**: âŒ FAIL
- **Confidence**: 100%
- **Findings**:
  - **Critical Issue**: Module is named ""bad_or"" but implements AND functionality
  - Truth table verification:
    ```
    Time(ns)  a  b  out  Expected(OR)  Actual(AND)  Status
    0         0  0   0        0           0         âœ…
    10        0  1   0        1           0         âŒ
    20        1  0   0        1           0         âŒ
    30        1  1   1        1           1         âœ…
    ```

#",1.5,10.638944387435913,12.138944387435913
Inverted XOR (XNOR),Combinational - Buggy,False,True,0.4,False,True,NORMAL - behavior appears normal,gpt-4o,False,0.6,True,True,"# Verilog Simulation Waveform Analysis Report

## Overall Assessment: âš ï¸ WARNING

### Summary
The Verilog simulation waveform data indicates potential issues with the design's functional correctness based on the given specification. The issues primarily relate to the incorrect implementation of the XOR logic function. Below is a detailed analysis based on the provided checklist.

## 1. ğŸ” Signal Integrity Issues

- **Uninitialized Signals**: No uninitialized (x or z) signals are present in the wa","# Verilog Simulation Waveform Analysis Report

## Overall Assessment: âš ï¸ WARNING

### Summary
The Verilog simulation waveform data indicates potential issues with the design's functional correctness based on the given specification. The issues primarily relate to the incorrect implementation of the XOR logic function. Below is a detailed analysis based on the provided checklist.

## 1. ğŸ” Signal Integrity Issues

- **Uninitialized Signals**: No uninitialized (x or z) signals are present in the waveform data.
- **Signal Stability Problems**: No stability issues are observed.
- **Unexpected Transitions**: No unexpected transitions are noted apart from discrepancies related to functional verification.
- **Drive Conflicts**: No drive conflicts detected.

**Confidence Level**: High

## 2. â° Timing Analysis

- **Setup/Hold Violations**: Not applicable as the design does not include clocked elements.
- **Clock Domain Issues**: Not applicable, as no clock signals are involved.
- **Race Conditio",1.5,17.895742893218994,19.395742893218994
Inverted XOR (XNOR),Combinational - Buggy,False,True,0.4,False,True,NORMAL - behavior appears normal,claude,True,0.6,False,True,"# ğŸ” Waveform Analysis Report

## ğŸ“Š Overall Assessment: âŒ FAIL

### 1. Signal Integrity Analysis
- âœ… No uninitialized signals (x/z) detected
- âœ… Signals show clean transitions
- âœ… No drive conflicts observed
- **Confidence Level**: 95%

### 2. Timing Analysis
- âœ… Transitions occur at expected timestamps
- â„¹ï¸ No clock signal present (combinational logic)
- **Confidence Level**: 90%

### 3. ğŸ¯ Functional Verification
**CRITICAL ISSUE DETECTED**
- The output behavior does not match expected XOR funct","# ğŸ” Waveform Analysis Report

## ğŸ“Š Overall Assessment: âŒ FAIL

### 1. Signal Integrity Analysis
- âœ… No uninitialized signals (x/z) detected
- âœ… Signals show clean transitions
- âœ… No drive conflicts observed
- **Confidence Level**: 95%

### 2. Timing Analysis
- âœ… Transitions occur at expected timestamps
- â„¹ï¸ No clock signal present (combinational logic)
- **Confidence Level**: 90%

### 3. ğŸ¯ Functional Verification
**CRITICAL ISSUE DETECTED**
- The output behavior does not match expected XOR functionality
- Truth table verification:
```
Time(ns)  A  B  OUT  Expected
0         0  0   1      1  âœ…
10        0  1   0      1  âŒ
20        1  0   0      1  âŒ
30        1  1   1      0  âŒ
```
- **Confidence Level**: 100%

### 4. ğŸš¨ Design-Specific Analysis
The module `bad_xor` is implementing `~(a ^ b)` which is XNOR, not XOR.
- Implementation does not match typical XOR truth table
- Output is inverted from expected XOR behavior
- **Confidence Level**: 100%

## ğŸ” Detailed Findings

1. **Functional",1.5,10.917359352111816,12.417359352111816
Partial Mux (ignores sel),Combinational - Buggy,False,True,0.4,False,True,NORMAL - behavior appears normal,gpt-4o,True,0.6,False,True,"# Verilog Waveform Analysis Report

## Overall Assessment: âŒ FAIL

### 1. ğŸ” Signal Integrity Issues

- **Uninitialized Signals**: The provided waveform data does not indicate any uninitialized signals (x or z values). All signals are either 0 or 1. **Confidence Level: High**
- **Signal Stability Problems**: No stability problems are evident from the waveform data; signals transition predictably without glitches. **Confidence Level: High**
- **Unexpected Transitions**: The output signal `out` doe","# Verilog Waveform Analysis Report

## Overall Assessment: âŒ FAIL

### 1. ğŸ” Signal Integrity Issues

- **Uninitialized Signals**: The provided waveform data does not indicate any uninitialized signals (x or z values). All signals are either 0 or 1. **Confidence Level: High**
- **Signal Stability Problems**: No stability problems are evident from the waveform data; signals transition predictably without glitches. **Confidence Level: High**
- **Unexpected Transitions**: The output signal `out` does not behave as expected for a multiplexer. It remains stuck at 0 for the first two timestamps, despite changes in `a`, `b`, and `sel`. **Confidence Level: High**
- **Drive Conflicts**: No drive conflicts are observed. **Confidence Level: High**

### 2. â° Timing Analysis

- **Setup/Hold Violations**: No explicit clock is provided, so setup/hold violations cannot be analyzed. **Confidence Level: Medium**
- **Clock Domain Issues**: Not applicable, as no clock signal is present in the waveform data",1.5,17.503326654434204,19.003326654434204
Partial Mux (ignores sel),Combinational - Buggy,False,True,0.4,False,True,NORMAL - behavior appears normal,claude,True,0.6,False,True,"# ğŸ” Waveform Analysis Report

## ğŸ“Š Overall Assessment: âŒ FAIL

### ğŸ¯ Primary Issue Detected
The multiplexer implementation is incorrect. The code only passes through input 'a' regardless of select signal, while a proper 2:1 multiplexer should select between inputs 'a' and 'b' based on the select signal.

## ğŸ” Detailed Analysis

### 1. Signal Integrity
- âœ… No uninitialized signals (x/z) detected
- âœ… Signals show clean transitions
- âœ… No drive conflicts observed
- **Confidence Level**: 95%

### 2.","# ğŸ” Waveform Analysis Report

## ğŸ“Š Overall Assessment: âŒ FAIL

### ğŸ¯ Primary Issue Detected
The multiplexer implementation is incorrect. The code only passes through input 'a' regardless of select signal, while a proper 2:1 multiplexer should select between inputs 'a' and 'b' based on the select signal.

## ğŸ” Detailed Analysis

### 1. Signal Integrity
- âœ… No uninitialized signals (x/z) detected
- âœ… Signals show clean transitions
- âœ… No drive conflicts observed
- **Confidence Level**: 95%

### 2. Functional Verification
**Critical Implementation Error Found:**
- The output follows input 'a' only, ignoring 'sel' and 'b'
- Expected behavior vs Actual behavior:
  ```
  Time  | sel | a | b | Expected | Actual
  10000 |  1  | 0 | 1 |    1    |   0   âŒ
  20000 |  0  | 1 | 0 |    1    |   1   âœ…
  30000 |  1  | 1 | 0 |    0    |   1   âŒ
  ```
- **Confidence Level**: 100%

### 3. Design-Specific Analysis
**Code Implementation Issue:**
```verilog
assign out = a;  // Incorrect implementation
```
S",1.5,11.390175342559814,12.890175342559814
4-bit Counter,Sequential - Normal,True,True,0.4,True,True,NORMAL - behavior appears normal,gpt-4o,True,0.6,True,True,"```markdown
# ğŸ§ª Verilog Simulation Waveform Analysis Report

## ğŸ“‹ Overall Assessment: WARNING

### ğŸ” Signal Integrity Issues
- **Uninitialized Signals**: The `count` signal is uninitialized at multiple timestamps (0, 10000, 15000, etc.), indicating potential x or z values.
  - **Confidence Level**: High
  - **Recommendation**: Ensure all signals are properly initialized at the start of the simulation.

- **Signal Stability Problems**: There are no unexpected transitions observed in the waveform ","```markdown
# ğŸ§ª Verilog Simulation Waveform Analysis Report

## ğŸ“‹ Overall Assessment: WARNING

### ğŸ” Signal Integrity Issues
- **Uninitialized Signals**: The `count` signal is uninitialized at multiple timestamps (0, 10000, 15000, etc.), indicating potential x or z values.
  - **Confidence Level**: High
  - **Recommendation**: Ensure all signals are properly initialized at the start of the simulation.

- **Signal Stability Problems**: There are no unexpected transitions observed in the waveform data provided.
  - **Confidence Level**: Medium

### â° Timing Analysis
- **Setup/Hold Violations**: Not directly observable from the data provided as there is no clock signal information.
  - **Confidence Level**: Low
  - **Recommendation**: Analyze with a complete waveform that includes clock edges to check for setup/hold violations.

- **Clock Domain Issues**: Not enough information to assess potential issues.
  - **Confidence Level**: Low

### ğŸ¯ Functional Verification
- **Reset Behavior Veri",1.5,10.743886709213257,12.243886709213257
4-bit Counter,Sequential - Normal,True,True,0.4,True,True,NORMAL - behavior appears normal,claude,True,0.7,True,True,"# ğŸ” Waveform Analysis Report

## ğŸ“Š Overall Assessment: âš ï¸ WARNING

### 1. Signal Integrity Issues

#### Missing Clock Signal (High Confidence âœ…)
- The waveform data doesn't show the `clk` signal despite it being a critical input in the design
- This makes it impossible to verify proper clock-driven behavior
- **Timestamp**: Throughout entire simulation

#### Incomplete Count Signal Data (High Confidence âœ…)
- Count signal appears empty for most timestamps except 105000ns
- Values are missing betw","# ğŸ” Waveform Analysis Report

## ğŸ“Š Overall Assessment: âš ï¸ WARNING

### 1. Signal Integrity Issues

#### Missing Clock Signal (High Confidence âœ…)
- The waveform data doesn't show the `clk` signal despite it being a critical input in the design
- This makes it impossible to verify proper clock-driven behavior
- **Timestamp**: Throughout entire simulation

#### Incomplete Count Signal Data (High Confidence âœ…)
- Count signal appears empty for most timestamps except 105000ns
- Values are missing between 0-105000ns
- **Timestamp**: 0-95000ns

### 2. Reset Behavior Analysis

#### Reset Sequence (Medium Confidence âš ï¸)
- Reset starts at '1' at 0ns and transitions to '0' at 10000ns
- Stays at '0' thereafter
- Appears to follow expected behavior but cannot verify count reset due to missing data

### 3. Counter Functionality

#### Counter Value Verification (Low Confidence âŒ)
- Only one counter value (10) is visible at 105000ns
- Cannot verify proper increment behavior
- Cannot validate 4-bit coun",1.5,11.959525346755981,13.459525346755981
D Flip-Flop,Sequential - Normal,True,True,0.3,True,True,"NORMAL - sequential behavior appears normal, VAE: 0.076",gpt-4o,,0.0,,True,"# Verilog Simulation Waveform Analysis Report

## Overview

This report evaluates the provided waveform data from a Verilog simulation of a D-type flip-flop (DFF) module. The analysis covers signal integrity, timing, functional verification, critical issues, and design-specific checks. The goal is to ensure the robustness and correctness of the flip-flop design as per the context provided.

## Analysis

### 1. ğŸ” Signal Integrity Issues

- **Uninitialized Signals**: No uninitialized signals (x or","# Verilog Simulation Waveform Analysis Report

## Overview

This report evaluates the provided waveform data from a Verilog simulation of a D-type flip-flop (DFF) module. The analysis covers signal integrity, timing, functional verification, critical issues, and design-specific checks. The goal is to ensure the robustness and correctness of the flip-flop design as per the context provided.

## Analysis

### 1. ğŸ” Signal Integrity Issues

- **Uninitialized Signals**: No uninitialized signals (x or z values) were observed in the waveform data.
- **Signal Stability Problems**: The signal transitions appear stable with no unexpected oscillations.
- **Unexpected Transitions**: No unexpected transitions were observed outside the expected behavior.
- **Drive Conflicts**: No evidence of drive conflicts in the data.

**Confidence Level**: High

### 2. â° Timing Analysis

- **Setup/Hold Violations**: The waveform data does not provide clock information, making it impossible to directly analyze set",1.5,15.239379405975342,16.739379405975342
D Flip-Flop,Sequential - Normal,True,True,0.3,True,True,"NORMAL - sequential behavior appears normal, VAE: 0.076",claude,False,0.7,False,True,"# ğŸ” D Flip-Flop Waveform Analysis Report

## ğŸ“Š Overall Assessment: âš ï¸ WARNING

### ğŸ” Signal Integrity Analysis
**Confidence Level: HIGH**
- âœ… No uninitialized signals (x/z) detected
- âœ… Signal transitions are clean and defined
- âš ï¸ Clock signal missing from waveform data despite being in design

### â° Timing Analysis
**Confidence Level: MEDIUM**
- âŒ Cannot fully verify setup/hold timing without clock signal
- âš ï¸ Signal changes appear to happen at 5000ns intervals
- ğŸ” Transitions seem synchronize","# ğŸ” D Flip-Flop Waveform Analysis Report

## ğŸ“Š Overall Assessment: âš ï¸ WARNING

### ğŸ” Signal Integrity Analysis
**Confidence Level: HIGH**
- âœ… No uninitialized signals (x/z) detected
- âœ… Signal transitions are clean and defined
- âš ï¸ Clock signal missing from waveform data despite being in design

### â° Timing Analysis
**Confidence Level: MEDIUM**
- âŒ Cannot fully verify setup/hold timing without clock signal
- âš ï¸ Signal changes appear to happen at 5000ns intervals
- ğŸ” Transitions seem synchronized but missing clock reference

### ğŸ¯ Functional Verification
**Confidence Level: HIGH**
1. Reset Behavior:
   - âœ… Reset correctly initializes q to 0 at t=0
   - âœ… Reset release at t=10000 maintains expected behavior

2. D to Q Propagation:
   ```
   t=10000: d=1, q=0 â†’ t=15000: q=1 (Expected transition)
   t=20000: d=0, q=1 â†’ t=25000: q=0 (Expected transition)
   ```

### ğŸš¨ Critical Issues
1. Missing Clock Signal (HIGH Priority)
   - Design is clocked but waveform lacks clock information
   - Ca",1.5,11.559449672698975,13.059449672698975
T Flip-Flop,Sequential - Normal,True,True,0.3,True,True,"NORMAL - sequential behavior appears normal, VAE: 0.100",gpt-4o,False,0.6,False,True,"# Verilog Simulation Waveform Analysis Report

## Overall Assessment: âš ï¸ WARNING

This analysis identifies potential issues in the Verilog waveform data provided. While the functionality mostly matches expected behavior, there are specific concerns regarding toggle flip-flop (T-FF) operation and reset handling.

---

## 1. ğŸ” Signal Integrity Issues

- **Uninitialized Signals:** No `x` or `z` values are present. All signals are initialized properly.
- **Signal Stability Problems:** No evidence of","# Verilog Simulation Waveform Analysis Report

## Overall Assessment: âš ï¸ WARNING

This analysis identifies potential issues in the Verilog waveform data provided. While the functionality mostly matches expected behavior, there are specific concerns regarding toggle flip-flop (T-FF) operation and reset handling.

---

## 1. ğŸ” Signal Integrity Issues

- **Uninitialized Signals:** No `x` or `z` values are present. All signals are initialized properly.
- **Signal Stability Problems:** No evidence of unexpected noise or glitches in the waveform.
- **Unexpected Transitions:** No unexpected transitions were observed outside the expected T-FF behavior.
- **Drive Conflicts:** No drive conflicts were detected.

**Confidence Level:** High

---

## 2. â° Timing Analysis

- **Setup/Hold Violations:** Data for setup/hold analysis is unavailable due to lack of clock signal data in the waveform.
- **Clock Domain Issues:** No issues detected due to single clock domain expected.
- **Race Conditions:** No",1.5,14.48241901397705,15.98241901397705
T Flip-Flop,Sequential - Normal,True,True,0.3,True,True,"NORMAL - sequential behavior appears normal, VAE: 0.090",claude,,0.0,,True,"# ğŸ” Waveform Analysis Report

## ğŸ“Š Overall Assessment
**STATUS: WARNING** - Some potential concerns identified

## ğŸ”¬ Detailed Analysis

### 1. Signal Integrity Analysis
âœ… **Clean Signals** (Confidence: 100%)
- All signals show valid logic levels (0/1)
- No 'x' or 'z' states observed
- No glitches or spurious transitions detected

### 2. Reset Behavior
âœ… **Correct Reset Operation** (Confidence: 100%)
- Reset active at t=0, q properly initialized to 0
- Reset deasserted at t=10000, proper operatio","# ğŸ” Waveform Analysis Report

## ğŸ“Š Overall Assessment
**STATUS: WARNING** - Some potential concerns identified

## ğŸ”¬ Detailed Analysis

### 1. Signal Integrity Analysis
âœ… **Clean Signals** (Confidence: 100%)
- All signals show valid logic levels (0/1)
- No 'x' or 'z' states observed
- No glitches or spurious transitions detected

### 2. Reset Behavior
âœ… **Correct Reset Operation** (Confidence: 100%)
- Reset active at t=0, q properly initialized to 0
- Reset deasserted at t=10000, proper operation follows

### 3. T-Flip Flop Functionality
âš ï¸ **Potential Issues** (Confidence: 90%)
```
Time    T    Q    Expected    Actual
15000   1    1    1          1
25000   1    0    0          0
45000   1    1    1          1
55000   1    0    0          0
```
- Toggle operations appear correct when T=1
- However, clock signal missing in waveform data despite being in design

### 4. Critical Issues
ğŸš¨ **Missing Clock Signal** (Confidence: 100%)
- The design is clocked (`always @(posedge clk)`), but no ",1.5,12.377276182174683,13.877276182174683
Shift Register,Sequential - Normal,True,True,0.4,True,True,NORMAL - behavior appears normal,gpt-4o,False,0.7,False,True,"# Verilog Simulation Waveform Analysis Report

**Overall Assessment**: âš ï¸ WARNING

This report provides an analysis of the provided Verilog simulation waveform data concerning a shift register module. The analysis is based on a comprehensive checklist that evaluates various aspects of the simulation and associated Verilog code.

## 1. ğŸ” Signal Integrity Issues

- **Uninitialized Signals**:  
  No uninitialized signals (x or z values) were detected in the provided data.

- **Signal Stability**:  ","# Verilog Simulation Waveform Analysis Report

**Overall Assessment**: âš ï¸ WARNING

This report provides an analysis of the provided Verilog simulation waveform data concerning a shift register module. The analysis is based on a comprehensive checklist that evaluates various aspects of the simulation and associated Verilog code.

## 1. ğŸ” Signal Integrity Issues

- **Uninitialized Signals**:  
  No uninitialized signals (x or z values) were detected in the provided data.

- **Signal Stability**:  
  The signals appear stable; no unexpected transitions or glitches are observed.

- **Unexpected Transitions**:  
  The transition from `dout` at timestamp 35000 is unexpected. The transition from `0010` to `0101` is not consistent with the expected behavior of a shift register, which should shift in the input `din`.

- **Drive Conflicts**:  
  No drive conflicts are evident from the waveform data.

**Confidence Level**: High

## 2. â° Timing Analysis

- **Setup/Hold Violations**:  
  Not direct",1.5,26.694603443145752,28.194603443145752
Shift Register,Sequential - Normal,True,True,0.4,True,True,NORMAL - behavior appears normal,claude,,0.0,,True,"# ğŸ” Shift Register Waveform Analysis Report

## ğŸ“‹ Overall Assessment: âš ï¸ WARNING
Several potential issues identified requiring attention

## ğŸ” Detailed Analysis

### 1. Signal Integrity Analysis
- âœ… No uninitialized signals (x/z) observed
- âœ… All signals show clean transitions
- âœ… No drive conflicts detected
**Confidence Level: HIGH (95%)**

### 2. Timing Analysis
- âš ï¸ **Issue Detected**: Clock signal missing in waveform data
- âš ï¸ Unable to verify setup/hold times without clock signal
- âš ï¸ Canno","# ğŸ” Shift Register Waveform Analysis Report

## ğŸ“‹ Overall Assessment: âš ï¸ WARNING
Several potential issues identified requiring attention

## ğŸ” Detailed Analysis

### 1. Signal Integrity Analysis
- âœ… No uninitialized signals (x/z) observed
- âœ… All signals show clean transitions
- âœ… No drive conflicts detected
**Confidence Level: HIGH (95%)**

### 2. Timing Analysis
- âš ï¸ **Issue Detected**: Clock signal missing in waveform data
- âš ï¸ Unable to verify setup/hold times without clock signal
- âš ï¸ Cannot confirm proper clock edge triggering
**Confidence Level: MEDIUM (70%)**

### 3. Functional Verification

#### Reset Behavior
- âœ… Proper reset at t=0ns (dout=0000)
- âœ… Reset value matches design specification (4'b0)
**Confidence Level: HIGH (95%)**

#### Shift Operation
Observed transitions:
```
15000ns: 0000 -> 0001 (correct shift-in of '1')
25000ns: 0001 -> 0010 (correct shift-in of '0')
35000ns: 0010 -> 0101 (âŒ unexpected jump)
45000ns: 0101 -> 1011 (âŒ unexpected jump)
```
âš ï¸ **Critical Issu",1.5,12.50996708869934,14.00996708869934
Stuck Counter,Sequential - Buggy,False,False,0.8,True,True,ANOMALOUS - outputs don't respond to inputs,gpt-4o,True,0.7,False,True,"# Verilog Simulation Waveform Analysis Report

## Overview
This report analyzes the provided Verilog simulation waveform data and design code context to identify potential issues using the comprehensive analysis checklist. The overall assessment categorizes findings into PASS, FAIL, or WARNING, and provides recommendations for addressing any identified issues.

---

## 1. ğŸ” Signal Integrity Issues

### Findings
- **Uninitialized Signals:** The `count` signal in the waveform data is not initializ","# Verilog Simulation Waveform Analysis Report

## Overview
This report analyzes the provided Verilog simulation waveform data and design code context to identify potential issues using the comprehensive analysis checklist. The overall assessment categorizes findings into PASS, FAIL, or WARNING, and provides recommendations for addressing any identified issues.

---

## 1. ğŸ” Signal Integrity Issues

### Findings
- **Uninitialized Signals:** The `count` signal in the waveform data is not initialized at timestamps 0 and 10000. It appears as an empty value, which typically indicates an uninitialized state.
- **Drive Conflicts:** No drive conflicts are apparent from the waveform data.

### Recommendations
- Ensure that the `count` register is properly initialized during or after reset. Consider initializing the `count` with a known value explicitly in the design code.

### Confidence Level: High

---

## 2. â° Timing Analysis

### Findings
- **Setup/Hold Violations:** Not directly observable",1.5,13.32019305229187,14.82019305229187
Stuck Counter,Sequential - Buggy,False,False,0.8,True,True,ANOMALOUS - outputs don't respond to inputs,claude,True,0.7,False,True,"# ğŸ” Waveform Analysis Report

## Overall Assessment: âš ï¸ FAIL

### ğŸ“Š Summary of Critical Issues
1. Missing clock signal in waveform data
2. Counter implementation logic error
3. Uninitialized count signal behavior
4. Ineffective counter increment logic

## Detailed Analysis

### 1. ğŸ” Signal Integrity Issues
- **Count Signal Status** [High Confidence]
  - Count signal appears uninitialized in waveform
  - No visible transitions or updates
  - ISSUE: Missing proper signal values at timestamps

### ","# ğŸ” Waveform Analysis Report

## Overall Assessment: âš ï¸ FAIL

### ğŸ“Š Summary of Critical Issues
1. Missing clock signal in waveform data
2. Counter implementation logic error
3. Uninitialized count signal behavior
4. Ineffective counter increment logic

## Detailed Analysis

### 1. ğŸ” Signal Integrity Issues
- **Count Signal Status** [High Confidence]
  - Count signal appears uninitialized in waveform
  - No visible transitions or updates
  - ISSUE: Missing proper signal values at timestamps

### 2. â° Timing Analysis
- **Clock Signal** [High Confidence]
  - CRITICAL: Clock signal missing from waveform data
  - Cannot verify timing behavior without clock edges
  - Impact: Unable to validate sequential logic operation

### 3. ğŸ¯ Functional Verification
- **Reset Behavior** [High Confidence]
  - Reset assertion at 0ns observed
  - Reset deassertion at 10000ns observed
  - ISSUE: No visible effect on count output

### 4. ğŸš¨ Critical Design Issues
- **Counter Logic** [High Confidence]
  - Code ",1.5,11.062692165374756,12.562692165374756
Counter (no reset),Sequential - Buggy,False,False,0.8,True,True,ANOMALOUS - outputs don't respond to inputs,gpt-4o,True,0.5,False,True,"# ğŸ“ Verilog Waveform Analysis Report

## ğŸ” Signal Integrity Issues

### Issues Identified:
- **Uninitialized Signals**: The `count` signal is not initialized at timestamp 0 and 10000. This can lead to unknown (`x`) or undefined (`z`) states.
- **Unstable Signals**: The absence of a defined value for `count` at both timestamps suggests potential instability.

### Recommendations:
- **Initialize the `count` signal** at reset to ensure it starts from a known state, such as `4'b0000`.
- **Monitor si","# ğŸ“ Verilog Waveform Analysis Report

## ğŸ” Signal Integrity Issues

### Issues Identified:
- **Uninitialized Signals**: The `count` signal is not initialized at timestamp 0 and 10000. This can lead to unknown (`x`) or undefined (`z`) states.
- **Unstable Signals**: The absence of a defined value for `count` at both timestamps suggests potential instability.

### Recommendations:
- **Initialize the `count` signal** at reset to ensure it starts from a known state, such as `4'b0000`.
- **Monitor signal transitions** to ensure they are as expected and avoid undefined states.

### Confidence Level: High

---

## â° Timing Analysis

### Issues Identified:
- **Race Conditions**: There are no explicit race conditions in the provided data, but the absence of a reset initialization can lead to unpredictable behavior.
- **Clock-to-Output Delays**: Not enough data provided to evaluate, but ensure `count` changes only on clock edges.

### Recommendations:
- **Ensure proper reset synchronization**: T",1.5,18.656220197677612,20.156220197677612
Counter (no reset),Sequential - Buggy,False,False,0.8,True,True,ANOMALOUS - outputs don't respond to inputs,claude,True,0.5,False,True,"# ğŸ” Waveform Analysis Report

## ğŸ“Š Overall Assessment: FAIL âŒ
Confidence Level: High (95%)

### ğŸš¨ Critical Issues Detected

1. **Missing Clock Signal**
   - Severity: Critical
   - Confidence: 100%
   - Issue: The waveform data doesn't show the required `clk` signal despite it being a key input in the design
   - Reference: `always @(posedge clk)` in the code

2. **Uninitialized Counter**
   - Severity: High
   - Confidence: 95%
   - Issue: The `count` signal appears to be uninitialized througho","# ğŸ” Waveform Analysis Report

## ğŸ“Š Overall Assessment: FAIL âŒ
Confidence Level: High (95%)

### ğŸš¨ Critical Issues Detected

1. **Missing Clock Signal**
   - Severity: Critical
   - Confidence: 100%
   - Issue: The waveform data doesn't show the required `clk` signal despite it being a key input in the design
   - Reference: `always @(posedge clk)` in the code

2. **Uninitialized Counter**
   - Severity: High
   - Confidence: 95%
   - Issue: The `count` signal appears to be uninitialized throughout the simulation
   - Impact: Could lead to unpredictable behavior and X-propagation

3. **Incomplete Reset Logic**
   - Severity: High
   - Confidence: 90%
   - Issue: The design lacks proper reset logic in the always block
   - Reference: No reset condition in the `always` block

### â° Timing Analysis

1. **Clock-Related Issues**
   - Missing clock transitions make timing analysis impossible
   - No way to verify setup/hold times
   - Cannot validate counter increment behavior

### ğŸ” Signal I",1.5,11.56389856338501,13.06389856338501
DFF (stuck output),Sequential - Buggy,False,False,0.9,True,True,ANOMALOUS - output 'q' stuck at 0,gpt-4o,True,0.6,False,True,"# Verilog Simulation Waveform Analysis Report ğŸ“Š

## Overview
This report analyzes the provided Verilog simulation waveform data and design code context for potential issues. The analysis is structured based on the provided comprehensive checklist, covering signal integrity, timing, functional verification, and critical issues.

---

## 1. ğŸ” Signal Integrity Issues

### Findings
- **Uninitialized Signals**: No uninitialized signals (x or z values) are observed in the waveform data.
- **Signal Sta","# Verilog Simulation Waveform Analysis Report ğŸ“Š

## Overview
This report analyzes the provided Verilog simulation waveform data and design code context for potential issues. The analysis is structured based on the provided comprehensive checklist, covering signal integrity, timing, functional verification, and critical issues.

---

## 1. ğŸ” Signal Integrity Issues

### Findings
- **Uninitialized Signals**: No uninitialized signals (x or z values) are observed in the waveform data.
- **Signal Stability Problems**: No stability problems detected, as the signals maintain consistent values between transitions.
- **Unexpected Transitions**: The signal `q` does not transition to expected values based on input `d`.
- **Drive Conflicts**: No drive conflicts detected in the waveform.

### Recommendations
- Ensure the logic in the design matches the expected functionality, particularly the assignment of `q` based on `d`.

### Confidence Level
- High

---

## 2. â° Timing Analysis

### Findings
- ",1.5,11.270667314529419,12.770667314529419
DFF (stuck output),Sequential - Buggy,False,False,0.9,True,True,ANOMALOUS - output 'q' stuck at 0,claude,True,0.7,False,True,"# ğŸ” Waveform Analysis Report

## ğŸ“Š Overall Assessment: FAIL âŒ
Confidence Level: High (95%)

### ğŸ”¬ Major Findings

#### 1. Critical Design Issue
- **Issue**: The DFF is hardcoded to always output 0
- **Location**: Line 4 of Verilog code: `else q <= 1'b0;`
- **Confidence**: 100%
- **Impact**: Complete functional failure of the D flip-flop

#### 2. Signal Behavior Analysis
- Input transitions observed at: 10000ns, 20000ns, 30000ns
- Output 'q' remains stuck at 0 throughout simulation
- Reset functi","# ğŸ” Waveform Analysis Report

## ğŸ“Š Overall Assessment: FAIL âŒ
Confidence Level: High (95%)

### ğŸ”¬ Major Findings

#### 1. Critical Design Issue
- **Issue**: The DFF is hardcoded to always output 0
- **Location**: Line 4 of Verilog code: `else q <= 1'b0;`
- **Confidence**: 100%
- **Impact**: Complete functional failure of the D flip-flop

#### 2. Signal Behavior Analysis
- Input transitions observed at: 10000ns, 20000ns, 30000ns
- Output 'q' remains stuck at 0 throughout simulation
- Reset functionality appears to work, but only because output is forced to 0

### â° Timing Analysis
- Clock signal missing from waveform data
- Unable to verify setup/hold timing
- Transitions appear to be aligned to 10000ns boundaries

### ğŸ¯ Functional Verification Results

#### Reset Behavior
- âœ… Reset active high (proper implementation)
- âœ… Reset sets output to 0
- Confidence: 100%

#### D Input to Q Output
- âŒ No correlation between D and Q
- âŒ Q remains 0 regardless of D input
- Confidence: 100%

### ğŸš¨ ",1.5,12.369070768356323,13.869070768356323
Shift Register (no shift),Sequential - Buggy,False,False,0.9,True,True,ANOMALOUS - output 'dout' stuck at 0,gpt-4o,True,0.7,False,True,"# Verilog Simulation Waveform Analysis Report

## ğŸ“ Overview
This report analyzes the provided Verilog simulation waveform data in conjunction with the design code to identify potential issues. The analysis follows the comprehensive checklist provided.

## ğŸ” Signal Integrity Issues
- **Uninitialized Signals**: No x or z values are present in the waveform data. This indicates that all signals are initialized correctly.
- **Signal Stability Problems**: The `dout` signal remains at `0000` throughou","# Verilog Simulation Waveform Analysis Report

## ğŸ“ Overview
This report analyzes the provided Verilog simulation waveform data in conjunction with the design code to identify potential issues. The analysis follows the comprehensive checklist provided.

## ğŸ” Signal Integrity Issues
- **Uninitialized Signals**: No x or z values are present in the waveform data. This indicates that all signals are initialized correctly.
- **Signal Stability Problems**: The `dout` signal remains at `0000` throughout the simulation, which is unexpected given the input changes.
- **Unexpected Transitions**: The `dout` signal does not transition as expected when `din` changes.
- **Drive Conflicts**: No drive conflicts observed in the data.

**Confidence Level**: High

## â° Timing Analysis
- **Setup/Hold Violations**: Not directly observable from the provided data, as no clock information is present.
- **Clock Domain Issues**: No issues identified since the design seems to operate under a single clock domain.",1.5,13.08304214477539,14.58304214477539
Shift Register (no shift),Sequential - Buggy,False,False,0.9,True,True,ANOMALOUS - output 'dout' stuck at 0,claude,True,0.6,False,True,"# ğŸ” Waveform Analysis Report

## ğŸ“Š Overall Assessment: FAIL âŒ
Confidence Level: High (95%)

## ğŸ” Detailed Findings

### 1. Signal Integrity Issues
- âœ… No uninitialized signals (x/z) detected
- âœ… Signals show clean transitions
- âœ… No drive conflicts observed

### 2. Functional Issues
**Critical Issue: Non-Functional Shift Register** âš ï¸
- Confidence: 100%
- The `dout` signal remains stuck at 4'b0000 throughout simulation
- Code shows `dout <= dout` which creates a non-functional feedback loop
- In","# ğŸ” Waveform Analysis Report

## ğŸ“Š Overall Assessment: FAIL âŒ
Confidence Level: High (95%)

## ğŸ” Detailed Findings

### 1. Signal Integrity Issues
- âœ… No uninitialized signals (x/z) detected
- âœ… Signals show clean transitions
- âœ… No drive conflicts observed

### 2. Functional Issues
**Critical Issue: Non-Functional Shift Register** âš ï¸
- Confidence: 100%
- The `dout` signal remains stuck at 4'b0000 throughout simulation
- Code shows `dout <= dout` which creates a non-functional feedback loop
- Input `din` has no effect on output

### 3. Reset Behavior
- âœ… Reset properly initializes dout to 0000 (t=0)
- âœ… Reset deasserts cleanly at t=10000

### 4. Design Implementation Problems
1. **Major Design Flaw** ğŸš¨
   - The always block logic is incorrect
   - Current implementation: `dout <= dout`
   - This creates a holding pattern where output never changes
   - Confidence: 100%

2. **Missing Shift Functionality** âš ï¸
   - No shift operation implemented despite module name
   - Input `din` is com",1.5,11.572454929351807,13.072454929351807
Half Adder,Arithmetic - Normal,True,True,0.4,True,True,NORMAL - arithmetic behavior appears normal,gpt-4o,False,0.6,False,True,"# Half Adder Waveform Analysis Report

## Overall Assessment: âœ… PASS

### Summary
The waveform data for the half adder Verilog module has been analyzed, and the results indicate correct functionality as per the provided design code. The simulation results match the expected behavior of a half adder, with no signal integrity issues or critical design flaws detected.

---

## Detailed Analysis

### 1. ğŸ” Signal Integrity Issues
- **Uninitialized Signals:** None. All signals are initialized at times","# Half Adder Waveform Analysis Report

## Overall Assessment: âœ… PASS

### Summary
The waveform data for the half adder Verilog module has been analyzed, and the results indicate correct functionality as per the provided design code. The simulation results match the expected behavior of a half adder, with no signal integrity issues or critical design flaws detected.

---

## Detailed Analysis

### 1. ğŸ” Signal Integrity Issues
- **Uninitialized Signals:** None. All signals are initialized at timestamp 0.
- **Signal Stability Problems:** None observed. All signal transitions occur as expected.
- **Unexpected Transitions:** None detected. Signals transition only when inputs change.
- **Drive Conflicts:** None. The signals `sum` and `carry` are driven by simple combinational logic.

**Confidence Level:** High

### 2. â° Timing Analysis
- **Setup/Hold Violations:** Not applicable. The design is purely combinational and does not involve clock-edge-triggered elements.
- **Clock Domain Issues:**",1.5,22.243967056274414,23.743967056274414
Half Adder,Arithmetic - Normal,True,True,0.4,True,True,NORMAL - arithmetic behavior appears normal,claude,False,0.6,False,True,"# Half Adder Waveform Analysis Report ğŸ“Š

## Overall Assessment: âœ… PASS
Confidence Level: 95%

## 1. Signal Integrity Analysis ğŸ”
### Findings:
- All signals show clean binary transitions (0/1)
- No uninitialized signals (x/z) detected
- No glitches or unstable signals observed
- No drive conflicts present

Confidence Level: 100%

## 2. Timing Analysis â°
### Observations:
- Signals change simultaneously at 10ns intervals
- No clock signal present (combinational logic)
- No setup/hold concerns for ","# Half Adder Waveform Analysis Report ğŸ“Š

## Overall Assessment: âœ… PASS
Confidence Level: 95%

## 1. Signal Integrity Analysis ğŸ”
### Findings:
- All signals show clean binary transitions (0/1)
- No uninitialized signals (x/z) detected
- No glitches or unstable signals observed
- No drive conflicts present

Confidence Level: 100%

## 2. Timing Analysis â°
### Observations:
- Signals change simultaneously at 10ns intervals
- No clock signal present (combinational logic)
- No setup/hold concerns for this combinational design
- Transitions appear clean and synchronized

Confidence Level: 100%

## 3. Functional Verification ğŸ¯
### Truth Table Verification:
```
Time(ns) | a | b | sum | carry | Status
0        | 0 | 0 |  0  |   0   | âœ“
10       | 0 | 1 |  1  |   0   | âœ“
20       | 1 | 0 |  1  |   0   | âœ“
30       | 1 | 1 |  0  |   1   | âœ“
```
All combinations match expected half adder behavior
Confidence Level: 100%

## 4. Design-Specific Analysis ğŸ“
### Verification against Verilog Implementatio",1.5,10.581891536712646,12.081891536712646
Full Adder,Arithmetic - Normal,True,True,0.4,True,True,NORMAL - arithmetic behavior appears normal,gpt-4o,False,0.5,False,True,"# Verilog Simulation Waveform Analysis Report

## ğŸ“ Overview

This report analyzes the provided Verilog simulation waveform data with respect to the provided full adder design code. The analysis will focus on identifying any potential issues in the simulation data and providing recommendations for improvement.

## ğŸ“Š Comprehensive Analysis

### 1. ğŸ” Signal Integrity Issues

- **Uninitialized Signals**: 
  - No uninitialized ('x' or 'z') values are observed in the waveform data.
  - **Confidence**","# Verilog Simulation Waveform Analysis Report

## ğŸ“ Overview

This report analyzes the provided Verilog simulation waveform data with respect to the provided full adder design code. The analysis will focus on identifying any potential issues in the simulation data and providing recommendations for improvement.

## ğŸ“Š Comprehensive Analysis

### 1. ğŸ” Signal Integrity Issues

- **Uninitialized Signals**: 
  - No uninitialized ('x' or 'z') values are observed in the waveform data.
  - **Confidence**: High

- **Signal Stability Problems**: 
  - Signals appear stable with no unexpected oscillations.
  - **Confidence**: High

- **Unexpected Transitions**: 
  - All transitions align with expected behavior for a full adder.
  - **Confidence**: High

- **Drive Conflicts**: 
  - No drive conflicts detected.
  - **Confidence**: High

### 2. â° Timing Analysis

- **Setup/Hold Violations**: 
  - Not applicable as there is no clock signal provided.
  - **Confidence**: Moderate

- **Clock Domain Issues",1.5,11.203239917755127,12.703239917755127
Full Adder,Arithmetic - Normal,True,True,0.4,True,True,NORMAL - arithmetic behavior appears normal,claude,False,0.7,False,True,"# Full Adder Waveform Analysis Report ğŸ”

## Overall Assessment: âœ… PASS
Confidence Level: 95%

## 1. Signal Integrity Analysis ğŸ“Š
- All signals show clean transitions without any X or Z states
- No glitches or unexpected transitions observed
- No drive conflicts detected
- Signal values are properly initialized at t=0

**Confidence Level: 100%**

## 2. Timing Analysis â°
- No clock signals present (combinational design)
- Signal transitions occur at expected 10ns intervals
- No timing violations de","# Full Adder Waveform Analysis Report ğŸ”

## Overall Assessment: âœ… PASS
Confidence Level: 95%

## 1. Signal Integrity Analysis ğŸ“Š
- All signals show clean transitions without any X or Z states
- No glitches or unexpected transitions observed
- No drive conflicts detected
- Signal values are properly initialized at t=0

**Confidence Level: 100%**

## 2. Timing Analysis â°
- No clock signals present (combinational design)
- Signal transitions occur at expected 10ns intervals
- No timing violations detected in the available data

**Confidence Level: 90%**

## 3. Functional Verification ğŸ¯
### Test Cases Observed:
1. t=0ns: {a=0, b=0, cin=0} â†’ {sum=0, cout=0}
2. t=10ns: {a=0, b=1, cin=0} â†’ {sum=1, cout=0}
3. t=20ns: {a=1, b=1, cin=1} â†’ {sum=1, cout=1}

### Verification Results:
- All test cases match expected full adder behavior
- Truth table entries verified are correct
- Boolean equations implemented correctly:
  - sum = a ^ b ^ cin
  - cout = (a & b) | (b & cin) | (a & cin)

**Confidence Le",1.5,11.166664838790894,12.666664838790894
Half Adder (wrong sum),Arithmetic - Buggy,False,True,0.4,False,True,NORMAL - arithmetic behavior appears normal,gpt-4o,True,0.6,False,True,"# ğŸ“Š Verilog Simulation Waveform Analysis Report

## Overall Assessment: **FAIL**

### 1. ğŸ” Signal Integrity Issues
- **Uninitialized Signals**: No uninitialized signals (x or z values) are present in the waveform data provided.
- **Signal Stability Problems**: The signals transition predictably without unexpected oscillations.
- **Unexpected Transitions**: The transitions are as expected given the design code.
- **Drive Conflicts**: There are no drive conflicts in the waveform data.

**Confidenc","# ğŸ“Š Verilog Simulation Waveform Analysis Report

## Overall Assessment: **FAIL**

### 1. ğŸ” Signal Integrity Issues
- **Uninitialized Signals**: No uninitialized signals (x or z values) are present in the waveform data provided.
- **Signal Stability Problems**: The signals transition predictably without unexpected oscillations.
- **Unexpected Transitions**: The transitions are as expected given the design code.
- **Drive Conflicts**: There are no drive conflicts in the waveform data.

**Confidence Level**: High

### 2. â° Timing Analysis
- **Setup/Hold Violations**: Not applicable as there are no clocked elements in the provided design.
- **Clock Domain Issues**: No clock signals are present.
- **Race Conditions**: Not applicable in the current design context.
- **Clock-to-Output Delays**: Not applicable due to absence of clocks.

**Confidence Level**: High

### 3. ğŸ¯ Functional Verification
- **Expected vs Actual Outputs**: The design does not perform as a typical half-adder. The `sum` a",1.5,14.475627422332764,15.975627422332764
Half Adder (wrong sum),Arithmetic - Buggy,False,True,0.4,False,True,NORMAL - arithmetic behavior appears normal,claude,True,0.6,False,True,"# ğŸ” Half Adder Waveform Analysis Report

## ğŸ“‹ Overall Assessment: FAIL âŒ
Confidence Level: 99%

### ğŸ¯ Functional Analysis

#### Critical Logic Error Detected
- The half adder implementation is incorrect
- Current implementation: Both sum and carry use (a & b)
- Expected implementation: 
  - sum = a XOR b
  - carry = a AND b
- Confidence Level: 100%

#### Truth Table Comparison
```
Time(ns) | a | b | Current Sum | Current Carry | Expected Sum | Expected Carry
---------|---|---|-------------|-----","# ğŸ” Half Adder Waveform Analysis Report

## ğŸ“‹ Overall Assessment: FAIL âŒ
Confidence Level: 99%

### ğŸ¯ Functional Analysis

#### Critical Logic Error Detected
- The half adder implementation is incorrect
- Current implementation: Both sum and carry use (a & b)
- Expected implementation: 
  - sum = a XOR b
  - carry = a AND b
- Confidence Level: 100%

#### Truth Table Comparison
```
Time(ns) | a | b | Current Sum | Current Carry | Expected Sum | Expected Carry
---------|---|---|-------------|---------------|--------------|---------------
0        | 0 | 0 |     0      |       0       |      0       |       0
10       | 0 | 1 |     0      |       0       |      1       |       0  âŒ
20       | 1 | 0 |     0      |       0       |      1       |       0  âŒ
30       | 1 | 1 |     1      |       1       |      0       |       1  âŒ
```

### âš ï¸ Specific Issues Found

1. **Logic Implementation Error**
   - Timestamp: All timestamps
   - Issue: Incorrect sum calculation
   - Current: `sum = a & b`",1.5,12.51127552986145,14.01127552986145
Full Adder (no carry),Arithmetic - Buggy,False,False,0.9,True,True,ANOMALOUS - output 'cout' stuck at 0,gpt-4o,True,0.6,False,True,"# Verilog Simulation Waveform Analysis Report

## ğŸ“ Overview

This report analyzes the provided Verilog simulation waveform data in relation to the design code for a simple full adder module. The analysis is structured based on the provided comprehensive checklist, and it aims to identify potential issues within the simulation data.

## ğŸ“Š Analysis Sections

### 1. ğŸ” Signal Integrity Issues

- **Uninitialized Signals**: No uninitialized signals (x or z values) are observed in the waveform data.
-","# Verilog Simulation Waveform Analysis Report

## ğŸ“ Overview

This report analyzes the provided Verilog simulation waveform data in relation to the design code for a simple full adder module. The analysis is structured based on the provided comprehensive checklist, and it aims to identify potential issues within the simulation data.

## ğŸ“Š Analysis Sections

### 1. ğŸ” Signal Integrity Issues

- **Uninitialized Signals**: No uninitialized signals (x or z values) are observed in the waveform data.
- **Signal Stability**: Signals are stable with no unexpected transitions.
- **Drive Conflicts**: No drive conflicts are evident as each signal maintains a single value per timestamp.

**Confidence Level**: High

### 2. â° Timing Analysis

- **Setup/Hold Violations**: No timing violations are detectable from the given data since there are no clock edges or timing constraints provided.
- **Clock Domain Issues**: The design is purely combinational without any clock signals, mitigating clock domain-r",1.5,22.026456117630005,23.526456117630005
Full Adder (no carry),Arithmetic - Buggy,False,False,0.9,True,True,ANOMALOUS - output 'cout' stuck at 0,claude,True,0.9,False,True,"# Full Adder Waveform Analysis Report ğŸ”

## Overall Assessment: âŒ FAIL

### 1. Signal Integrity Analysis ğŸŒŠ
- âœ… No uninitialized signals detected (all signals show valid 0/1 values)
- âœ… Signals appear stable with clean transitions
- âœ… No drive conflicts observed
- **Confidence Level**: High (100%)

### 2. Timing Analysis â°
- âœ… Clean transitions at 10ns intervals
- âœ… No clock-dependent behavior (combinational logic)
- **Confidence Level**: High (100%)

### 3. Functional Verification ğŸ¯
**CRITICAL I","# Full Adder Waveform Analysis Report ğŸ”

## Overall Assessment: âŒ FAIL

### 1. Signal Integrity Analysis ğŸŒŠ
- âœ… No uninitialized signals detected (all signals show valid 0/1 values)
- âœ… Signals appear stable with clean transitions
- âœ… No drive conflicts observed
- **Confidence Level**: High (100%)

### 2. Timing Analysis â°
- âœ… Clean transitions at 10ns intervals
- âœ… No clock-dependent behavior (combinational logic)
- **Confidence Level**: High (100%)

### 3. Functional Verification ğŸ¯
**CRITICAL ISSUES FOUND:**
- âŒ Carry output (cout) behavior is incorrect
  - Timestamp 20000: Expected cout=1 for a=1, b=1, cin=1
  - Actual cout remains 0
- âŒ Full adder truth table violations:
  - At t=20000ns: Input {a,b,cin}={1,1,1} should produce {sum,cout}={1,1}
  - Actual output: {sum,cout}={1,0}
- **Confidence Level**: High (100%)

### 4. Design Code Analysis ğŸ“
**Issues Found in Code:**
```verilog
assign cout = 1'b0;  // CRITICAL ERROR
```
- âŒ Carry output is hardcoded to 0
- âŒ Missing proper carry ",1.5,13.151324033737183,14.651324033737183
